
     Program GIPAW v.7.6 starts on 24Sep2026 at 15:51:41 

     This program is part of the open-source Quantum ESPRESSO suite
     for quantum simulation of materials; please cite
         "P. Giannozzi et al., J. Phys.:Condens. Matter 21 395502 (2009);
         "P. Giannozzi et al., J. Phys.:Condens. Matter 29 465901 (2017);
         "P. Giannozzi et al., J. Chem. Phys. 152 154105 (2020);
          URL http://www.quantum-espresso.org", 
     in publications or presentations arising from this work. More details at
     http://www.quantum-espresso.org/quote

     Parallel version (MPI), running on    16 processors

     MPI processes distributed on     1 nodes
     R & G space division:  proc/nbgrp/npool/nimage =      16
     9791 MiB available memory on the printing compute node when the environment starts
 
 
     ***** This is GIPAW git revision 4ae3c458560c6d3f7eebf2aec748d36248d3a3dd *****
     ***** you can cite: N. Varini et al., Comp. Phys. Comm. 184, 1827 (2013)  *****
     ***** in publications or presentations arising from this work.            *****
 
     Parallelizing q-star over 1 images
     Waiting for input...
     Reading input from standard input
 
     ------------------- Input file: --------------------
&inputgipaw
    job = 'nmr'
    prefix = 'quartz'
    restart_mode = 'from_scratch'
    tmp_dir = '/tmp/ceresoli/'
    diagonalization = 'david'
    verbosity = 'high'
    q_gipaw = 0.01
    use_nmr_macroscopic_shape = .true.
/
 

     Reading xml data from directory:

     /tmp/ceresoli/quartz.save/

     IMPORTANT: XC functional enforced from input :
     Exchange-correlation= PBE
                           (   1   4   3   4   0   0   0)
     Any further DFT definition will be discarded
     Please, verify this is what you really want

 
     Parallelization info
     --------------------
     sticks:   dense  smooth     PW     G-vecs:    dense   smooth      PW
     Min         148      59     17                 6440     1633     259
     Max         149      60     18                 6445     1638     262
     Sum        2383     955    283               103091    26171    4169
 
     Using Slab Decomposition
 
     Reading collected, re-writing distributed wavefunctions
     Subspace diagonalization in iterative solution of the eigenvalue problem:
     one sub-group per band group will be used
     scalapack distributed-memory algorithm (size of sub-group:  4*  4 procs)

     GIPAW projectors -----------------------------------------------
     atom=Si     l=0  rc=    2.0000  rs=    1.3333
     atom=Si     l=0  rc=    2.0000  rs=    1.3333
     atom=Si     l=1  rc=    2.0000  rs=    1.3333
     atom=Si     l=1  rc=    2.0000  rs=    1.3333
     atom=Si     l=2  rc=    2.0000  rs=    1.3333
     atom=Si     l=2  rc=    2.0000  rs=    1.3333
     projs nearly linearly dependent: l=1  n1,n2= 1, 2  s=  0.99854623
     projs nearly linearly dependent: l=2  n1,n2= 1, 2  s=  0.99998260
 
     atom=O      l=0  rc=    1.3000  rs=    0.8667
     atom=O      l=0  rc=    1.3000  rs=    0.8667
     atom=O      l=1  rc=    1.3000  rs=    0.8667
     atom=O      l=1  rc=    1.3000  rs=    0.8667
     projs nearly linearly dependent: l=1  n1,n2= 1, 2  s=  0.99505596
     -----------------------------------------------------------------
 
     GIPAW integrals: -------------------------------------------
     Atom  i/j   nmr_para   nmr_dia   epr_rmc  epr_para   epr_dia
     Si    1 1   0.12E+04  0.28E+00  0.91E+01  0.33E+05  0.89E+01
     Si    2 1  -0.12E+04 -0.22E+00 -0.93E+01 -0.33E+05 -0.87E+01
     Si    2 2   0.12E+04  0.12E+00  0.94E+01  0.34E+05  0.86E+01
     Si    3 3   0.14E+02  0.32E+00  0.78E+01  0.36E+03  0.89E+01
     Si    4 3   0.14E+02  0.31E+00  0.79E+01  0.36E+03  0.88E+01
     Si    4 4   0.14E+02  0.30E+00  0.79E+01  0.37E+03  0.88E+01
     Si    5 5   0.13E+00  0.19E-01  0.20E+00  0.40E+01  0.39E+00
     Si    6 5   0.13E+00  0.19E-01  0.20E+00  0.41E+01  0.40E+00
     Si    6 6   0.13E+00  0.20E-01  0.21E+00  0.42E+01  0.41E+00
     O     1 1   0.81E+03 -0.32E+00  0.65E+01  0.14E+05  0.71E+01
     O     2 1   0.90E+03 -0.37E+00  0.70E+01  0.16E+05  0.81E+01
     O     2 2   0.10E+04 -0.44E+00  0.76E+01  0.17E+05  0.92E+01
     O     3 3   0.10E+02  0.89E+00  0.59E+01  0.17E+03  0.14E+02
     O     4 3   0.12E+02  0.10E+01  0.73E+01  0.21E+03  0.16E+02
     O     4 4   0.15E+02  0.12E+01  0.89E+01  0.24E+03  0.19E+02
     ------------------------------------------------------------
 
     alpha_pv=     38.7331 eV
 
     Number of occupied bands for each k-point:
     k-point:     1    nbnd_occ=  24    spin=1
     k-point:     2    nbnd_occ=  24    spin=1
     k-point:     3    nbnd_occ=  24    spin=1
     k-point:     4    nbnd_occ=  24    spin=1
     k-point:     5    nbnd_occ=  24    spin=1
     k-point:     6    nbnd_occ=  24    spin=1
     k-point:     7    nbnd_occ=  24    spin=1
     k-point:     8    nbnd_occ=  24    spin=1
     k-point:     9    nbnd_occ=  24    spin=1
     k-point:    10    nbnd_occ=  24    spin=1
     k-point:    11    nbnd_occ=  24    spin=1
     k-point:    12    nbnd_occ=  24    spin=1
     k-point:    13    nbnd_occ=  24    spin=1
     k-point:    14    nbnd_occ=  24    spin=1
     k-point:    15    nbnd_occ=  24    spin=1
     k-point:    16    nbnd_occ=  24    spin=1
     k-point:    17    nbnd_occ=  24    spin=1
     k-point:    18    nbnd_occ=  24    spin=1
     k-point:    19    nbnd_occ=  24    spin=1
     k-point:    20    nbnd_occ=  24    spin=1
 
 
     Message from routine gipaw_summary:
     spline_ps is .false., expect some extrapolation errors
 
     q-space interpolation up to    48.00 Rydberg
 
     GIPAW job: nmr                                                                             
     NMR macroscopic correction: yes
             0.6667          0.0000          0.0000
             0.0000          0.6667          0.0000
             0.0000          0.0000          0.6667

 
     Largest allocated arrays     est. size (Mb)     dimensions
        KS wavefunctions at k           0.08 Mb     (     213,   24)
        KS wavefunctions at k+q         0.08 Mb     (     213,   24)
        First-order wavefunctions       0.78 Mb     (     213,   24, 10)
        First-order wavefunct (US)      0.47 Mb     (     213,   24,  6)
        Charge/spin density             0.04 Mb     (    4800,    1)
        Induced current                 0.33 Mb     (    4800,    3,3,1)
        Induced magnetic field          0.33 Mb     (    4800,    3,3,1)
        NL pseudopotentials             0.20 Mb     (     213,   60)
        GIPAW NL terms                  0.33 Mb     (     213,  102)
 
     Computing the magnetic susceptibility     isolve=0    ethr=  0.1000E-13
     Starting from scratch
     k-point #    1 of    20      pool #  1    cpu time:       0.6
     compute_u_kq: q = (    0.0000,    0.0000,    0.0000)
     Rotating WFCS
     ethr =  1.00E-14,  avg # of iterations =  5.0
     eigenvalues at k:
 -16.7566 -15.6924 -15.2328 -14.7643 -14.7268 -14.7007  -5.9755  -5.1238
  -3.1527  -2.8769  -2.6858  -2.4584  -0.5741  -0.2534  -0.0465   0.3031
   0.5907   1.0259   1.0693   1.3452   1.6552   1.7654   2.2163   2.4697
     eigenvalues at k+q:
 -16.7566 -15.6924 -15.2328 -14.7644 -14.7269 -14.7008  -5.9755  -5.1238
  -3.1527  -2.8770  -2.6858  -2.4584  -0.5742  -0.2534  -0.0465   0.3031
   0.5907   1.0259   1.0693   1.3451   1.6552   1.7654   2.2162   2.4697
     cgsolve_all iterations  22    anorm=    0.70E-07
PARA_AUG  1      -0.8178919        -0.0175216         0.0950963
     cgsolve_all iterations  22    anorm=    0.67E-07
PARA_AUG  2      -0.0967801        -0.8311662         0.0058927
     cgsolve_all iterations  21    anorm=    0.70E-07
PARA_AUG  3       0.0080169        -0.0361269        -0.8821532
     cgsolve_all iterations  24    anorm=    0.63E-07
     cgsolve_all iterations  24    anorm=    0.64E-07
     cgsolve_all iterations  24    anorm=    0.66E-07
     compute_u_kq: q = (    0.0074,    0.0000,    0.0000)
     Rotating WFCS
     ethr =  1.00E-14,  avg # of iterations = 14.0
     eigenvalues at k:
 -16.7566 -15.6924 -15.2328 -14.7643 -14.7268 -14.7007  -5.9755  -5.1238
  -3.1527  -2.8769  -2.6858  -2.4584  -0.5741  -0.2534  -0.0465   0.3031
   0.5907   1.0259   1.0693   1.3452   1.6552   1.7654   2.2163   2.4697
     eigenvalues at k+q:
 -16.7411 -15.6987 -15.2434 -14.7665 -14.7293 -14.7020  -5.9614  -5.1114
  -3.1731  -2.8767  -2.6835  -2.4417  -0.5805  -0.2511  -0.0388   0.3013
   0.5659   1.0150   1.0707   1.3485   1.6506   1.7589   2.2190   2.4739
     cgsolve_all iterations  24    anorm=    0.63E-07
     cgsolve_all iterations  24    anorm=    0.66E-07
     cgsolve_all iterations  24    anorm=    0.65E-07
     compute_u_kq: q = (   -0.0074,    0.0000,    0.0000)
     Rotating WFCS
     ethr =  1.00E-14,  avg # of iterations = 14.0
     eigenvalues at k:
 -16.7566 -15.6924 -15.2328 -14.7643 -14.7268 -14.7007  -5.9755  -5.1238
  -3.1527  -2.8769  -2.6858  -2.4584  -0.5741  -0.2534  -0.0465   0.3031
   0.5907   1.0259   1.0693   1.3452   1.6552   1.7654   2.2163   2.4697
     eigenvalues at k+q:
 -16.7713 -15.6868 -15.2223 -14.7621 -14.7244 -14.6995  -5.9899  -5.1347
  -3.1336  -2.8773  -2.6890  -2.4733  -0.5671  -0.2558  -0.0542   0.3016
   0.6184   1.0354   1.0685   1.3415   1.6574   1.7745   2.2136   2.4650
     cgsolve_all iterations  24    anorm=    0.64E-07
     cgsolve_all iterations  24    anorm=    0.65E-07
     cgsolve_all iterations  24    anorm=    0.64E-07
     compute_u_kq: q = (    0.0000,    0.0074,    0.0000)
     Rotating WFCS
     ethr =  1.00E-14,  avg # of iterations = 14.0
     eigenvalues at k:
 -16.7566 -15.6924 -15.2328 -14.7643 -14.7268 -14.7007  -5.9755  -5.1238
  -3.1527  -2.8769  -2.6858  -2.4584  -0.5741  -0.2534  -0.0465   0.3031
   0.5907   1.0259   1.0693   1.3452   1.6552   1.7654   2.2163   2.4697
     eigenvalues at k+q:
 -16.7561 -15.6934 -15.2316 -14.7646 -14.7280 -14.7003  -5.9749  -5.1236
  -3.1524  -2.8756  -2.6859  -2.4609  -0.5787  -0.2503  -0.0460   0.3088
   0.5943   1.0232   1.0601   1.3493   1.6492   1.7697   2.2205   2.4664
     cgsolve_all iterations  24    anorm=    0.63E-07
     cgsolve_all iterations  24    anorm=    0.64E-07
     cgsolve_all iterations  24    anorm=    0.66E-07
     compute_u_kq: q = (    0.0000,   -0.0074,    0.0000)
     Rotating WFCS
     ethr =  1.00E-14,  avg # of iterations = 14.0
     eigenvalues at k:
 -16.7566 -15.6924 -15.2328 -14.7643 -14.7268 -14.7007  -5.9755  -5.1238
  -3.1527  -2.8769  -2.6858  -2.4584  -0.5741  -0.2534  -0.0465   0.3031
   0.5907   1.0259   1.0693   1.3452   1.6552   1.7654   2.2163   2.4697
     eigenvalues at k+q:
 -16.7562 -15.6917 -15.2346 -14.7643 -14.7257 -14.7014  -5.9752  -5.1235
  -3.1533  -2.8784  -2.6864  -2.4547  -0.5703  -0.2551  -0.0480   0.2979
   0.5862   1.0281   1.0777   1.3418   1.6605   1.7609   2.2122   2.4730
     cgsolve_all iterations  24    anorm=    0.63E-07
     cgsolve_all iterations  24    anorm=    0.64E-07
     cgsolve_all iterations  24    anorm=    0.65E-07
     compute_u_kq: q = (    0.0000,    0.0000,    0.0074)
     Rotating WFCS
     ethr =  1.00E-14,  avg # of iterations = 14.0
     eigenvalues at k:
 -16.7566 -15.6924 -15.2328 -14.7643 -14.7268 -14.7007  -5.9755  -5.1238
  -3.1527  -2.8769  -2.6858  -2.4584  -0.5741  -0.2534  -0.0465   0.3031
   0.5907   1.0259   1.0693   1.3452   1.6552   1.7654   2.2163   2.4697
     eigenvalues at k+q:
 -16.7489 -15.7212 -15.2114 -14.7635 -14.7277 -14.7004  -6.0121  -5.0720
  -3.1807  -2.8785  -2.6728  -2.4553  -0.5793  -0.2383  -0.0415   0.2954
   0.5835   1.0322   1.0634   1.3283   1.6624   1.7706   2.2081   2.4792
     cgsolve_all iterations  24    anorm=    0.64E-07
     cgsolve_all iterations  24    anorm=    0.65E-07
     cgsolve_all iterations  24    anorm=    0.66E-07
     compute_u_kq: q = (    0.0000,    0.0000,   -0.0074)
     Rotating WFCS
     ethr =  1.00E-14,  avg # of iterations = 14.0
     eigenvalues at k:
 -16.7566 -15.6924 -15.2328 -14.7643 -14.7268 -14.7007  -5.9755  -5.1238
  -3.1527  -2.8769  -2.6858  -2.4584  -0.5741  -0.2534  -0.0465   0.3031
   0.5907   1.0259   1.0693   1.3452   1.6552   1.7654   2.2163   2.4697
     eigenvalues at k+q:
 -16.7633 -15.6642 -15.2544 -14.7651 -14.7261 -14.7011  -5.9386  -5.1742
  -3.1250  -2.8764  -2.7009  -2.4597  -0.5685  -0.2678  -0.0515   0.3099
   0.5982   1.0189   1.0754   1.3620   1.6474   1.7594   2.2269   2.4588
     cgsolve_all iterations  24    anorm=    0.62E-07
     cgsolve_all iterations  24    anorm=    0.63E-07
     cgsolve_all iterations  24    anorm=    0.62E-07
 
     k-point #    2 of    20      pool #  1    cpu time:       3.1
     compute_u_kq: q = (    0.0000,    0.0000,    0.0000)
     Rotating WFCS
     ethr =  1.00E-14,  avg # of iterations =  5.0
     eigenvalues at k:
 -16.5452 -16.1459 -14.9835 -14.7612 -14.7301 -14.6969  -6.3978  -4.3028
  -3.6061  -2.9069  -2.7700  -2.2484  -0.5315  -0.2107   0.0005   0.2746
   0.5277   0.9533   1.0510   1.2170   1.5108   2.0022   2.2741   2.4427
     eigenvalues at k+q:
 -16.5453 -16.1459 -14.9835 -14.7612 -14.7301 -14.6970  -6.3978  -4.3029
  -3.6062  -2.9069  -2.7701  -2.2484  -0.5315  -0.2107   0.0004   0.2746
   0.5277   0.9533   1.0510   1.2170   1.5107   2.0021   2.2740   2.4426
     cgsolve_all iterations  22    anorm=    0.66E-07
PARA_AUG  1      -0.8266790        -0.0333897         0.0968973
     cgsolve_all iterations  22    anorm=    0.66E-07
PARA_AUG  2      -0.1118204        -0.8219616        -0.0053349
     cgsolve_all iterations  22    anorm=    0.70E-07
PARA_AUG  3      -0.0103334        -0.0356874        -0.8932186
     cgsolve_all iterations  24    anorm=    0.70E-07
     cgsolve_all iterations  24    anorm=    0.73E-07
     cgsolve_all iterations  24    anorm=    0.60E-07
     compute_u_kq: q = (    0.0074,    0.0000,    0.0000)
     Rotating WFCS
     ethr =  1.00E-14,  avg # of iterations = 14.0
     eigenvalues at k:
 -16.5452 -16.1459 -14.9835 -14.7612 -14.7301 -14.6969  -6.3978  -4.3028
  -3.6061  -2.9069  -2.7700  -2.2484  -0.5315  -0.2107   0.0005   0.2746
   0.5277   0.9533   1.0510   1.2170   1.5108   2.0022   2.2741   2.4427
     eigenvalues at k+q:
 -16.5341 -16.1378 -15.0062 -14.7639 -14.7311 -14.6992  -6.3624  -4.3196
  -3.6257  -2.8961  -2.7491  -2.2576  -0.5454  -0.2326   0.0113   0.2647
   0.5285   0.9606   1.0637   1.2349   1.5225   1.9812   2.2635   2.4350
     cgsolve_all iterations  24    anorm=    0.71E-07
     cgsolve_all iterations  24    anorm=    0.72E-07
     cgsolve_all iterations  24    anorm=    0.62E-07
     compute_u_kq: q = (   -0.0074,    0.0000,    0.0000)
     Rotating WFCS
     ethr =  1.00E-14,  avg # of iterations = 14.0
     eigenvalues at k:
 -16.5452 -16.1459 -14.9835 -14.7612 -14.7301 -14.6969  -6.3978  -4.3028
  -3.6061  -2.9069  -2.7700  -2.2484  -0.5315  -0.2107   0.0005   0.2746
   0.5277   0.9533   1.0510   1.2170   1.5108   2.0022   2.2741   2.4427
     eigenvalues at k+q:
 -16.5561 -16.1535 -14.9616 -14.7585 -14.7293 -14.6947  -6.4319  -4.2869
  -3.5866  -2.9178  -2.7910  -2.2395  -0.5171  -0.1891  -0.0102   0.2847
   0.5280   0.9448   1.0378   1.1995   1.4993   2.0226   2.2846   2.4496
     cgsolve_all iterations  24    anorm=    0.69E-07
     cgsolve_all iterations  25    anorm=    0.69E-07
     cgsolve_all iterations  24    anorm=    0.61E-07
     compute_u_kq: q = (    0.0000,    0.0074,    0.0000)
     Rotating WFCS
     ethr =  1.00E-14,  avg # of iterations = 14.0
     eigenvalues at k:
 -16.5452 -16.1459 -14.9835 -14.7612 -14.7301 -14.6969  -6.3978  -4.3028
  -3.6061  -2.9069  -2.7700  -2.2484  -0.5315  -0.2107   0.0005   0.2746
   0.5277   0.9533   1.0510   1.2170   1.5108   2.0022   2.2741   2.4427
     eigenvalues at k+q:
 -16.5447 -16.1461 -14.9828 -14.7616 -14.7314 -14.6966  -6.3968  -4.3032
  -3.6066  -2.9067  -2.7683  -2.2510  -0.5333  -0.2115   0.0004   0.2794
   0.5322   0.9494   1.0466   1.2181   1.5108   2.0041   2.2827   2.4329
     cgsolve_all iterations  24    anorm=    0.73E-07
     cgsolve_all iterations  24    anorm=    0.71E-07
     cgsolve_all iterations  24    anorm=    0.60E-07
     compute_u_kq: q = (    0.0000,   -0.0074,    0.0000)
     Rotating WFCS
     ethr =  1.00E-14,  avg # of iterations = 14.0
     eigenvalues at k:
 -16.5452 -16.1459 -14.9835 -14.7612 -14.7301 -14.6969  -6.3978  -4.3028
  -3.6061  -2.9069  -2.7700  -2.2484  -0.5315  -0.2107   0.0005   0.2746
   0.5277   0.9533   1.0510   1.2170   1.5108   2.0022   2.2741   2.4427
     eigenvalues at k+q:
 -16.5452 -16.1452 -14.9856 -14.7610 -14.7289 -14.6974  -6.3969  -4.3036
  -3.6062  -2.9075  -2.7700  -2.2464  -0.5306  -0.2115   0.0014   0.2700
   0.5223   0.9577   1.0569   1.2161   1.5115   1.9990   2.2651   2.4517
     cgsolve_all iterations  24    anorm=    0.70E-07
     cgsolve_all iterations  25    anorm=    0.70E-07
     cgsolve_all iterations  24    anorm=    0.58E-07
     compute_u_kq: q = (    0.0000,    0.0000,    0.0074)
     Rotating WFCS
     ethr =  1.00E-14,  avg # of iterations = 13.0
     eigenvalues at k:
 -16.5452 -16.1459 -14.9835 -14.7612 -14.7301 -14.6969  -6.3978  -4.3028
  -3.6061  -2.9069  -2.7700  -2.2484  -0.5315  -0.2107   0.0005   0.2746
   0.5277   0.9533   1.0510   1.2170   1.5108   2.0022   2.2741   2.4427
     eigenvalues at k+q:
 -16.5256 -16.1735 -14.9750 -14.7624 -14.7290 -14.6970  -6.4117  -4.2546
  -3.6380  -2.9049  -2.7839  -2.2366  -0.5183  -0.2348   0.0113   0.2814
   0.5237   0.9514   1.0427   1.2192   1.4970   2.0259   2.2765   2.4321
     cgsolve_all iterations  24    anorm=    0.70E-07
     cgsolve_all iterations  24    anorm=    0.75E-07
     cgsolve_all iterations  24    anorm=    0.60E-07
     compute_u_kq: q = (    0.0000,    0.0000,   -0.0074)
     Rotating WFCS
     ethr =  1.00E-14,  avg # of iterations = 13.0
     eigenvalues at k:
 -16.5452 -16.1459 -14.9835 -14.7612 -14.7301 -14.6969  -6.3978  -4.3028
  -3.6061  -2.9069  -2.7700  -2.2484  -0.5315  -0.2107   0.0005   0.2746
   0.5277   0.9533   1.0510   1.2170   1.5108   2.0022   2.2741   2.4427
     eigenvalues at k+q:
 -16.5644 -16.1177 -14.9931 -14.7600 -14.7312 -14.6970  -6.3821  -4.3526
  -3.5746  -2.9081  -2.7560  -2.2616  -0.5436  -0.1872  -0.0112   0.2678
   0.5315   0.9563   1.0590   1.2150   1.5259   1.9783   2.2697   2.4533
     cgsolve_all iterations  24    anorm=    0.73E-07
     cgsolve_all iterations  25    anorm=    0.69E-07
     cgsolve_all iterations  24    anorm=    0.58E-07
 
     k-point #    3 of    20      pool #  1    cpu time:       5.6
     compute_u_kq: q = (    0.0000,    0.0000,    0.0000)
     Rotating WFCS
     ethr =  1.00E-14,  avg # of iterations =  5.0
     eigenvalues at k:
 -16.4214 -15.9370 -15.3513 -14.7899 -14.7606 -14.7226  -5.8340  -4.7549
  -3.5677  -2.8664  -2.7049  -2.1265  -0.5790  -0.3302  -0.1231   0.3190
   0.5200   0.7992   0.9403   1.3479   1.5633   1.8302   2.2598   2.4902
     eigenvalues at k+q:
 -16.4214 -15.9370 -15.3513 -14.7900 -14.7607 -14.7226  -5.8340  -4.7549
  -3.5677  -2.8665  -2.7049  -2.1265  -0.5790  -0.3302  -0.1231   0.3190
   0.5199   0.7992   0.9402   1.3479   1.5633   1.8302   2.2598   2.4901
     cgsolve_all iterations  22    anorm=    0.69E-07
PARA_AUG  1      -0.9309153        -0.0028471         0.1439983
     cgsolve_all iterations  21    anorm=    0.66E-07
PARA_AUG  2      -0.0230465        -0.9415612         0.0619714
     cgsolve_all iterations  21    anorm=    0.65E-07
PARA_AUG  3      -0.0851795        -0.0733804        -0.8539311
     cgsolve_all iterations  24    anorm=    0.66E-07
     cgsolve_all iterations  24    anorm=    0.66E-07
     cgsolve_all iterations  24    anorm=    0.61E-07
     compute_u_kq: q = (    0.0074,    0.0000,    0.0000)
     Rotating WFCS
     ethr =  1.00E-14,  avg # of iterations = 13.0
     eigenvalues at k:
 -16.4214 -15.9370 -15.3513 -14.7899 -14.7606 -14.7226  -5.8340  -4.7549
  -3.5677  -2.8664  -2.7049  -2.1265  -0.5790  -0.3302  -0.1231   0.3190
   0.5200   0.7992   0.9403   1.3479   1.5633   1.8302   2.2598   2.4902
     eigenvalues at k+q:
 -16.4066 -15.9498 -15.3548 -14.7900 -14.7610 -14.7233  -5.8337  -4.7319
  -3.5947  -2.8654  -2.7011  -2.1159  -0.5686  -0.3414  -0.1348   0.3266
   0.5212   0.7897   0.9444   1.3378   1.5546   1.8474   2.2520   2.4936
     cgsolve_all iterations  24    anorm=    0.65E-07
     cgsolve_all iterations  24    anorm=    0.65E-07
     cgsolve_all iterations  24    anorm=    0.63E-07
     compute_u_kq: q = (   -0.0074,    0.0000,    0.0000)
     Rotating WFCS
     ethr =  1.00E-14,  avg # of iterations = 13.0
     eigenvalues at k:
 -16.4214 -15.9370 -15.3513 -14.7899 -14.7606 -14.7226  -5.8340  -4.7549
  -3.5677  -2.8664  -2.7049  -2.1265  -0.5790  -0.3302  -0.1231   0.3190
   0.5200   0.7992   0.9403   1.3479   1.5633   1.8302   2.2598   2.4902
     eigenvalues at k+q:
 -16.4374 -15.9233 -15.3474 -14.7898 -14.7602 -14.7218  -5.8348  -4.7786
  -3.5402  -2.8673  -2.7088  -2.1385  -0.5891  -0.3183  -0.1109   0.3108
   0.5192   0.8087   0.9373   1.3580   1.5716   1.8130   2.2672   2.4865
     cgsolve_all iterations  24    anorm=    0.67E-07
     cgsolve_all iterations  24    anorm=    0.62E-07
     cgsolve_all iterations  24    anorm=    0.61E-07
     compute_u_kq: q = (    0.0000,    0.0074,    0.0000)
     Rotating WFCS
     ethr =  1.00E-14,  avg # of iterations = 13.0
     eigenvalues at k:
 -16.4214 -15.9370 -15.3513 -14.7899 -14.7606 -14.7226  -5.8340  -4.7549
  -3.5677  -2.8664  -2.7049  -2.1265  -0.5790  -0.3302  -0.1231   0.3190
   0.5200   0.7992   0.9403   1.3479   1.5633   1.8302   2.2598   2.4902
     eigenvalues at k+q:
 -16.4209 -15.9385 -15.3500 -14.7902 -14.7605 -14.7229  -5.8320  -4.7650
  -3.5495  -2.8689  -2.7121  -2.1257  -0.5783  -0.3404  -0.1125   0.3096
   0.5240   0.7969   0.9370   1.3593   1.5693   1.8192   2.2622   2.4898
     cgsolve_all iterations  24    anorm=    0.66E-07
     cgsolve_all iterations  24    anorm=    0.66E-07
     cgsolve_all iterations  24    anorm=    0.61E-07
     compute_u_kq: q = (    0.0000,   -0.0074,    0.0000)
     Rotating WFCS
     ethr =  1.00E-14,  avg # of iterations = 13.0
     eigenvalues at k:
 -16.4214 -15.9370 -15.3513 -14.7899 -14.7606 -14.7226  -5.8340  -4.7549
  -3.5677  -2.8664  -2.7049  -2.1265  -0.5790  -0.3302  -0.1231   0.3190
   0.5200   0.7992   0.9403   1.3479   1.5633   1.8302   2.2598   2.4902
     eigenvalues at k+q:
 -16.4220 -15.9354 -15.3527 -14.7897 -14.7607 -14.7224  -5.8361  -4.7446
  -3.5859  -2.8642  -2.6979  -2.1272  -0.5790  -0.3202  -0.1340   0.3274
   0.5162   0.7995   0.9467   1.3359   1.5572   1.8412   2.2566   2.4909
     cgsolve_all iterations  24    anorm=    0.66E-07
     cgsolve_all iterations  24    anorm=    0.65E-07
     cgsolve_all iterations  24    anorm=    0.63E-07
     compute_u_kq: q = (    0.0000,    0.0000,    0.0074)
     Rotating WFCS
     ethr =  1.00E-14,  avg # of iterations = 13.0
     eigenvalues at k:
 -16.4214 -15.9370 -15.3513 -14.7899 -14.7606 -14.7226  -5.8340  -4.7549
  -3.5677  -2.8664  -2.7049  -2.1265  -0.5790  -0.3302  -0.1231   0.3190
   0.5200   0.7992   0.9403   1.3479   1.5633   1.8302   2.2598   2.4902
     eigenvalues at k+q:
 -16.4186 -15.9371 -15.3545 -14.7900 -14.7620 -14.7219  -5.8279  -4.7517
  -3.5865  -2.8657  -2.6860  -2.1410  -0.5881  -0.3378  -0.1136   0.3192
   0.5350   0.7900   0.9594   1.3480   1.5742   1.8260   2.2523   2.4803
     cgsolve_all iterations  24    anorm=    0.66E-07
     cgsolve_all iterations  24    anorm=    0.65E-07
     cgsolve_all iterations  24    anorm=    0.63E-07
     compute_u_kq: q = (    0.0000,    0.0000,   -0.0074)
     Rotating WFCS
     ethr =  1.00E-14,  avg # of iterations = 13.0
     eigenvalues at k:
 -16.4214 -15.9370 -15.3513 -14.7899 -14.7606 -14.7226  -5.8340  -4.7549
  -3.5677  -2.8664  -2.7049  -2.1265  -0.5790  -0.3302  -0.1231   0.3190
   0.5200   0.7992   0.9403   1.3479   1.5633   1.8302   2.2598   2.4902
     eigenvalues at k+q:
 -16.4240 -15.9369 -15.3484 -14.7900 -14.7592 -14.7234  -5.8395  -4.7577
  -3.5503  -2.8666  -2.7229  -2.1135  -0.5699  -0.3239  -0.1320   0.3187
   0.5061   0.8086   0.9225   1.3481   1.5527   1.8344   2.2661   2.4990
     cgsolve_all iterations  23    anorm=    0.68E-07
     cgsolve_all iterations  24    anorm=    0.63E-07
     cgsolve_all iterations  24    anorm=    0.61E-07
 
     k-point #    4 of    20      pool #  1    cpu time:       8.1
     compute_u_kq: q = (    0.0000,    0.0000,    0.0000)
     Rotating WFCS
     ethr =  1.00E-14,  avg # of iterations =  5.0
     eigenvalues at k:
 -16.3655 -15.9366 -15.4188 -14.8086 -14.7517 -14.7216  -5.7116  -4.7009
  -3.8522  -2.7854  -2.4546  -2.4183  -0.6725  -0.5053   0.0390   0.3702
   0.5879   0.8489   1.2720   1.4047   1.6444   1.8516   2.0220   2.3110
     eigenvalues at k+q:
 -16.3655 -15.9366 -15.4188 -14.8087 -14.7517 -14.7216  -5.7116  -4.7009
  -3.8522  -2.7855  -2.4546  -2.4183  -0.6725  -0.5053   0.0390   0.3702
   0.5879   0.8489   1.2720   1.4047   1.6444   1.8516   2.0220   2.3109
     cgsolve_all iterations  21    anorm=    0.69E-07
PARA_AUG  1      -0.9103528         0.0235721         0.1862905
     cgsolve_all iterations  21    anorm=    0.64E-07
PARA_AUG  2       0.0011067        -0.9491764         0.0813107
     cgsolve_all iterations  21    anorm=    0.68E-07
PARA_AUG  3      -0.1211861        -0.0902105        -0.7580252
     cgsolve_all iterations  23    anorm=    0.71E-07
     cgsolve_all iterations  23    anorm=    0.71E-07
     cgsolve_all iterations  23    anorm=    0.61E-07
     compute_u_kq: q = (    0.0074,    0.0000,    0.0000)
     Rotating WFCS
     ethr =  1.00E-14,  avg # of iterations = 13.0
     eigenvalues at k:
 -16.3655 -15.9366 -15.4188 -14.8086 -14.7517 -14.7216  -5.7116  -4.7009
  -3.8522  -2.7854  -2.4546  -2.4183  -0.6725  -0.5053   0.0390   0.3702
   0.5879   0.8489   1.2720   1.4047   1.6444   1.8516   2.0220   2.3110
     eigenvalues at k+q:
 -16.3609 -15.9252 -15.4356 -14.8094 -14.7526 -14.7226  -5.6850  -4.7172
  -3.8628  -2.7819  -2.4515  -2.4181  -0.6742  -0.5046   0.0271   0.3834
   0.5866   0.8381   1.2903   1.4052   1.6442   1.8568   2.0058   2.3070
     cgsolve_all iterations  23    anorm=    0.72E-07
     cgsolve_all iterations  23    anorm=    0.69E-07
     cgsolve_all iterations  23    anorm=    0.63E-07
     compute_u_kq: q = (   -0.0074,    0.0000,    0.0000)
     Rotating WFCS
     ethr =  1.00E-14,  avg # of iterations = 13.0
     eigenvalues at k:
 -16.3655 -15.9366 -15.4188 -14.8086 -14.7517 -14.7216  -5.7116  -4.7009
  -3.8522  -2.7854  -2.4546  -2.4183  -0.6725  -0.5053   0.0390   0.3702
   0.5879   0.8489   1.2720   1.4047   1.6444   1.8516   2.0220   2.3110
     eigenvalues at k+q:
 -16.3707 -15.9488 -15.4003 -14.8077 -14.7508 -14.7205  -5.7406  -4.6829
  -3.8412  -2.7894  -2.4600  -2.4167  -0.6708  -0.5041   0.0505   0.3568
   0.5879   0.8609   1.2534   1.4035   1.6437   1.8479   2.0384   2.3148
     cgsolve_all iterations  23    anorm=    0.73E-07
     cgsolve_all iterations  23    anorm=    0.73E-07
     cgsolve_all iterations  23    anorm=    0.63E-07
     compute_u_kq: q = (    0.0000,    0.0074,    0.0000)
     Rotating WFCS
     ethr =  1.00E-14,  avg # of iterations = 13.0
     eigenvalues at k:
 -16.3655 -15.9366 -15.4188 -14.8086 -14.7517 -14.7216  -5.7116  -4.7009
  -3.8522  -2.7854  -2.4546  -2.4183  -0.6725  -0.5053   0.0390   0.3702
   0.5879   0.8489   1.2720   1.4047   1.6444   1.8516   2.0220   2.3110
     eigenvalues at k+q:
 -16.3660 -15.9346 -15.4215 -14.8091 -14.7508 -14.7208  -5.7121  -4.7063
  -3.8423  -2.7899  -2.4502  -2.4200  -0.6708  -0.5170   0.0497   0.3692
   0.5813   0.8602   1.2651   1.4025   1.6375   1.8608   2.0109   2.3223
     cgsolve_all iterations  23    anorm=    0.71E-07
     cgsolve_all iterations  23    anorm=    0.71E-07
     cgsolve_all iterations  23    anorm=    0.61E-07
     compute_u_kq: q = (    0.0000,   -0.0074,    0.0000)
     Rotating WFCS
     ethr =  1.00E-14,  avg # of iterations = 13.0
     eigenvalues at k:
 -16.3655 -15.9366 -15.4188 -14.8086 -14.7517 -14.7216  -5.7116  -4.7009
  -3.8522  -2.7854  -2.4546  -2.4183  -0.6725  -0.5053   0.0390   0.3702
   0.5879   0.8489   1.2720   1.4047   1.6444   1.8516   2.0220   2.3110
     eigenvalues at k+q:
 -16.3650 -15.9385 -15.4162 -14.8082 -14.7526 -14.7224  -5.7111  -4.6955
  -3.8621  -2.7811  -2.4592  -2.4162  -0.6738  -0.4938   0.0281   0.3705
   0.5947   0.8382   1.2783   1.4079   1.6512   1.8420   2.0329   2.2995
     cgsolve_all iterations  23    anorm=    0.71E-07
     cgsolve_all iterations  23    anorm=    0.71E-07
     cgsolve_all iterations  23    anorm=    0.62E-07
     compute_u_kq: q = (    0.0000,    0.0000,    0.0074)
     Rotating WFCS
     ethr =  1.00E-14,  avg # of iterations = 13.0
     eigenvalues at k:
 -16.3655 -15.9366 -15.4188 -14.8086 -14.7517 -14.7216  -5.7116  -4.7009
  -3.8522  -2.7854  -2.4546  -2.4183  -0.6725  -0.5053   0.0390   0.3702
   0.5879   0.8489   1.2720   1.4047   1.6444   1.8516   2.0220   2.3110
     eigenvalues at k+q:
 -16.3626 -15.9364 -15.4225 -14.8100 -14.7498 -14.7224  -5.7052  -4.6988
  -3.8636  -2.7758  -2.4633  -2.4192  -0.6748  -0.5138   0.0453   0.3762
   0.5797   0.8610   1.2913   1.4107   1.6391   1.8627   1.9981   2.3042
     cgsolve_all iterations  23    anorm=    0.73E-07
     cgsolve_all iterations  23    anorm=    0.70E-07
     cgsolve_all iterations  23    anorm=    0.63E-07
     compute_u_kq: q = (    0.0000,    0.0000,   -0.0074)
     Rotating WFCS
     ethr =  1.00E-14,  avg # of iterations = 13.0
     eigenvalues at k:
 -16.3655 -15.9366 -15.4188 -14.8086 -14.7517 -14.7216  -5.7116  -4.7009
  -3.8522  -2.7854  -2.4546  -2.4183  -0.6725  -0.5053   0.0390   0.3702
   0.5879   0.8489   1.2720   1.4047   1.6444   1.8516   2.0220   2.3110
     eigenvalues at k+q:
 -16.3686 -15.9368 -15.4148 -14.8072 -14.7535 -14.7209  -5.7186  -4.7034
  -3.8394  -2.7949  -2.4577  -2.4059  -0.6698  -0.4959   0.0317   0.3642
   0.5958   0.8361   1.2518   1.3986   1.6496   1.8403   2.0457   2.3189
     cgsolve_all iterations  23    anorm=    0.72E-07
     cgsolve_all iterations  23    anorm=    0.72E-07
     cgsolve_all iterations  23    anorm=    0.62E-07
 
     k-point #    5 of    20      pool #  1    cpu time:      10.6
     compute_u_kq: q = (    0.0000,    0.0000,    0.0000)
     Rotating WFCS
     ethr =  1.00E-14,  avg # of iterations =  5.0
     eigenvalues at k:
 -16.5980 -15.7787 -15.3243 -14.7790 -14.7430 -14.7149  -5.8749  -4.9629
  -3.3619  -2.8848  -2.6796  -2.2664  -0.5824  -0.2329  -0.0735   0.1861
   0.5112   0.9160   1.1195   1.3265   1.5575   1.8147   2.2067   2.5101
     eigenvalues at k+q:
 -16.5981 -15.7787 -15.3243 -14.7791 -14.7430 -14.7149  -5.8750  -4.9629
  -3.3619  -2.8849  -2.6797  -2.2664  -0.5824  -0.2330  -0.0735   0.1860
   0.5112   0.9159   1.1195   1.3265   1.5575   1.8146   2.2067   2.5101
     cgsolve_all iterations  22    anorm=    0.67E-07
PARA_AUG  1      -0.9273250        -0.0338692         0.0721559
     cgsolve_all iterations  22    anorm=    0.70E-07
PARA_AUG  2       0.0582903        -0.8535422         0.0779015
     cgsolve_all iterations  22    anorm=    0.68E-07
PARA_AUG  3      -0.0978547        -0.0128141        -0.8588725
     cgsolve_all iterations  24    anorm=    0.64E-07
     cgsolve_all iterations  24    anorm=    0.65E-07
     cgsolve_all iterations  24    anorm=    0.66E-07
     compute_u_kq: q = (    0.0074,    0.0000,    0.0000)
     Rotating WFCS
     ethr =  1.00E-14,  avg # of iterations = 14.0
     eigenvalues at k:
 -16.5980 -15.7787 -15.3243 -14.7790 -14.7430 -14.7149  -5.8749  -4.9629
  -3.3619  -2.8848  -2.6796  -2.2664  -0.5824  -0.2329  -0.0735   0.1861
   0.5112   0.9160   1.1195   1.3265   1.5575   1.8147   2.2067   2.5101
     eigenvalues at k+q:
 -16.6104 -15.7701 -15.3189 -14.7783 -14.7426 -14.7136  -5.8802  -4.9759
  -3.3496  -2.8832  -2.6775  -2.2816  -0.5848  -0.2364  -0.0591   0.1966
   0.5060   0.9240   1.1180   1.3274   1.5666   1.8052   2.2106   2.5071
     cgsolve_all iterations  24    anorm=    0.64E-07
     cgsolve_all iterations  24    anorm=    0.65E-07
     cgsolve_all iterations  24    anorm=    0.66E-07
     compute_u_kq: q = (   -0.0074,    0.0000,    0.0000)
     Rotating WFCS
     ethr =  1.00E-14,  avg # of iterations = 13.0
     eigenvalues at k:
 -16.5980 -15.7787 -15.3243 -14.7790 -14.7430 -14.7149  -5.8749  -4.9629
  -3.3619  -2.8848  -2.6796  -2.2664  -0.5824  -0.2329  -0.0735   0.1861
   0.5112   0.9160   1.1195   1.3265   1.5575   1.8147   2.2067   2.5101
     eigenvalues at k+q:
 -16.5853 -15.7881 -15.3293 -14.7798 -14.7435 -14.7163  -5.8697  -4.9497
  -3.3735  -2.8866  -2.6823  -2.2513  -0.5800  -0.2300  -0.0883   0.1765
   0.5175   0.9072   1.1182   1.3276   1.5492   1.8235   2.2031   2.5128
     cgsolve_all iterations  24    anorm=    0.67E-07
     cgsolve_all iterations  24    anorm=    0.63E-07
     cgsolve_all iterations  24    anorm=    0.66E-07
     compute_u_kq: q = (    0.0000,    0.0074,    0.0000)
     Rotating WFCS
     ethr =  1.00E-14,  avg # of iterations = 13.0
     eigenvalues at k:
 -16.5980 -15.7787 -15.3243 -14.7790 -14.7430 -14.7149  -5.8749  -4.9629
  -3.3619  -2.8848  -2.6796  -2.2664  -0.5824  -0.2329  -0.0735   0.1861
   0.5112   0.9160   1.1195   1.3265   1.5575   1.8147   2.2067   2.5101
     eigenvalues at k+q:
 -16.6132 -15.7677 -15.3190 -14.7780 -14.7405 -14.7146  -5.8804  -4.9835
  -3.3354  -2.8873  -2.6824  -2.2809  -0.5828  -0.2284  -0.0682   0.1822
   0.5132   0.9299   1.1161   1.3379   1.5610   1.8084   2.2043   2.5102
     cgsolve_all iterations  24    anorm=    0.62E-07
     cgsolve_all iterations  24    anorm=    0.65E-07
     cgsolve_all iterations  24    anorm=    0.66E-07
     compute_u_kq: q = (    0.0000,   -0.0074,    0.0000)
     Rotating WFCS
     ethr =  1.00E-14,  avg # of iterations = 13.0
     eigenvalues at k:
 -16.5980 -15.7787 -15.3243 -14.7790 -14.7430 -14.7149  -5.8749  -4.9629
  -3.3619  -2.8848  -2.6796  -2.2664  -0.5824  -0.2329  -0.0735   0.1861
   0.5112   0.9160   1.1195   1.3265   1.5575   1.8147   2.2067   2.5101
     eigenvalues at k+q:
 -16.5823 -15.7906 -15.3295 -14.7801 -14.7455 -14.7154  -5.8700  -4.9406
  -3.3900  -2.8823  -2.6770  -2.2517  -0.5815  -0.2373  -0.0823   0.1939
   0.5092   0.9017   1.1228   1.3133   1.5546   1.8216   2.2090   2.5098
     cgsolve_all iterations  24    anorm=    0.66E-07
     cgsolve_all iterations  24    anorm=    0.64E-07
     cgsolve_all iterations  24    anorm=    0.65E-07
     compute_u_kq: q = (    0.0000,    0.0000,    0.0074)
     Rotating WFCS
     ethr =  1.00E-14,  avg # of iterations = 13.0
     eigenvalues at k:
 -16.5980 -15.7787 -15.3243 -14.7790 -14.7430 -14.7149  -5.8749  -4.9629
  -3.3619  -2.8848  -2.6796  -2.2664  -0.5824  -0.2329  -0.0735   0.1861
   0.5112   0.9160   1.1195   1.3265   1.5575   1.8147   2.2067   2.5101
     eigenvalues at k+q:
 -16.5921 -15.7927 -15.3172 -14.7782 -14.7436 -14.7148  -5.8877  -4.9373
  -3.3866  -2.8831  -2.6615  -2.2744  -0.5884  -0.2195  -0.0849   0.1789
   0.5191   0.9241   1.1190   1.3327   1.5561   1.8218   2.1904   2.5119
     cgsolve_all iterations  24    anorm=    0.64E-07
     cgsolve_all iterations  24    anorm=    0.65E-07
     cgsolve_all iterations  24    anorm=    0.68E-07
     compute_u_kq: q = (    0.0000,    0.0000,   -0.0074)
     Rotating WFCS
     ethr =  1.00E-14,  avg # of iterations = 13.0
     eigenvalues at k:
 -16.5980 -15.7787 -15.3243 -14.7790 -14.7430 -14.7149  -5.8749  -4.9629
  -3.3619  -2.8848  -2.6796  -2.2664  -0.5824  -0.2329  -0.0735   0.1861
   0.5112   0.9160   1.1195   1.3265   1.5575   1.8147   2.2067   2.5101
     eigenvalues at k+q:
 -16.6033 -15.7660 -15.3310 -14.7799 -14.7426 -14.7151  -5.8629  -4.9863
  -3.3383  -2.8869  -2.6971  -2.2592  -0.5769  -0.2461  -0.0631   0.1958
   0.5022   0.9085   1.1189   1.3214   1.5604   1.8060   2.2234   2.5073
     cgsolve_all iterations  24    anorm=    0.64E-07
     cgsolve_all iterations  24    anorm=    0.65E-07
     cgsolve_all iterations  24    anorm=    0.66E-07
 
     k-point #    6 of    20      pool #  1    cpu time:      13.3
     compute_u_kq: q = (    0.0000,    0.0000,    0.0000)
     Rotating WFCS
     ethr =  1.00E-14,  avg # of iterations =  5.0
     eigenvalues at k:
 -16.4439 -16.0516 -15.2122 -14.7840 -14.7384 -14.7153  -6.0500  -4.4842
  -3.7599  -2.8357  -2.5889  -2.3203  -0.6205  -0.4071   0.0790   0.2212
   0.5261   1.0016   1.1626   1.3805   1.6326   1.7814   2.1347   2.4098
     eigenvalues at k+q:
 -16.4440 -16.0517 -15.2122 -14.7840 -14.7384 -14.7153  -6.0500  -4.4842
  -3.7599  -2.8357  -2.5889  -2.3203  -0.6205  -0.4071   0.0790   0.2211
   0.5260   1.0016   1.1625   1.3804   1.6326   1.7813   2.1347   2.4097
     cgsolve_all iterations  21    anorm=    0.75E-07
PARA_AUG  1      -0.9178444        -0.0276560         0.0903904
     cgsolve_all iterations  22    anorm=    0.69E-07
PARA_AUG  2       0.0670187        -0.8548559         0.1017714
     cgsolve_all iterations  21    anorm=    0.71E-07
PARA_AUG  3      -0.1207184        -0.0382557        -0.8061871
     cgsolve_all iterations  24    anorm=    0.75E-07
     cgsolve_all iterations  24    anorm=    0.68E-07
     cgsolve_all iterations  24    anorm=    0.66E-07
     compute_u_kq: q = (    0.0074,    0.0000,    0.0000)
     Rotating WFCS
     ethr =  1.00E-14,  avg # of iterations = 13.0
     eigenvalues at k:
 -16.4439 -16.0516 -15.2122 -14.7840 -14.7384 -14.7153  -6.0500  -4.4842
  -3.7599  -2.8357  -2.5889  -2.3203  -0.6205  -0.4071   0.0790   0.2212
   0.5261   1.0016   1.1626   1.3805   1.6326   1.7814   2.1347   2.4098
     eigenvalues at k+q:
 -16.4506 -16.0603 -15.1943 -14.7823 -14.7381 -14.7145  -6.0757  -4.4678
  -3.7536  -2.8368  -2.6017  -2.3165  -0.6170  -0.3922   0.0754   0.2190
   0.5297   0.9970   1.1548   1.3702   1.6227   1.8001   2.1487   2.4073
     cgsolve_all iterations  24    anorm=    0.71E-07
     cgsolve_all iterations  24    anorm=    0.64E-07
     cgsolve_all iterations  24    anorm=    0.67E-07
     compute_u_kq: q = (   -0.0074,    0.0000,    0.0000)
     Rotating WFCS
     ethr =  1.00E-14,  avg # of iterations = 13.0
     eigenvalues at k:
 -16.4439 -16.0516 -15.2122 -14.7840 -14.7384 -14.7153  -6.0500  -4.4842
  -3.7599  -2.8357  -2.5889  -2.3203  -0.6205  -0.4071   0.0790   0.2212
   0.5261   1.0016   1.1626   1.3805   1.6326   1.7814   2.1347   2.4098
     eigenvalues at k+q:
 -16.4373 -16.0425 -15.2305 -14.7857 -14.7388 -14.7159  -6.0237  -4.5015
  -3.7654  -2.8349  -2.5760  -2.3245  -0.6239  -0.4225   0.0822   0.2250
   0.5224   1.0055   1.1703   1.3904   1.6416   1.7635   2.1207   2.4119
     cgsolve_all iterations  24    anorm=    0.73E-07
     cgsolve_all iterations  24    anorm=    0.67E-07
     cgsolve_all iterations  24    anorm=    0.65E-07
     compute_u_kq: q = (    0.0000,    0.0074,    0.0000)
     Rotating WFCS
     ethr =  1.00E-14,  avg # of iterations = 13.0
     eigenvalues at k:
 -16.4439 -16.0516 -15.2122 -14.7840 -14.7384 -14.7153  -6.0500  -4.4842
  -3.7599  -2.8357  -2.5889  -2.3203  -0.6205  -0.4071   0.0790   0.2212
   0.5261   1.0016   1.1626   1.3805   1.6326   1.7814   2.1347   2.4098
     eigenvalues at k+q:
 -16.4527 -16.0605 -15.1934 -14.7820 -14.7363 -14.7140  -6.0819  -4.4686
  -3.7438  -2.8449  -2.6010  -2.3122  -0.6142  -0.3968   0.0841   0.2138
   0.5182   1.0128   1.1533   1.3659   1.6219   1.7942   2.1405   2.4229
     cgsolve_all iterations  24    anorm=    0.76E-07
     cgsolve_all iterations  24    anorm=    0.64E-07
     cgsolve_all iterations  24    anorm=    0.67E-07
     compute_u_kq: q = (    0.0000,   -0.0074,    0.0000)
     Rotating WFCS
     ethr =  1.00E-14,  avg # of iterations = 13.0
     eigenvalues at k:
 -16.4439 -16.0516 -15.2122 -14.7840 -14.7384 -14.7153  -6.0500  -4.4842
  -3.7599  -2.8357  -2.5889  -2.3203  -0.6205  -0.4071   0.0790   0.2212
   0.5261   1.0016   1.1626   1.3805   1.6326   1.7814   2.1347   2.4098
     eigenvalues at k+q:
 -16.4351 -16.0424 -15.2315 -14.7860 -14.7407 -14.7166  -6.0170  -4.5003
  -3.7764  -2.8266  -2.5771  -2.3286  -0.6266  -0.4162   0.0716   0.2307
   0.5343   0.9881   1.1730   1.3943   1.6437   1.7692   2.1288   2.3957
     cgsolve_all iterations  24    anorm=    0.74E-07
     cgsolve_all iterations  24    anorm=    0.67E-07
     cgsolve_all iterations  24    anorm=    0.65E-07
     compute_u_kq: q = (    0.0000,    0.0000,    0.0074)
     Rotating WFCS
     ethr =  1.00E-14,  avg # of iterations = 13.0
     eigenvalues at k:
 -16.4439 -16.0516 -15.2122 -14.7840 -14.7384 -14.7153  -6.0500  -4.4842
  -3.7599  -2.8357  -2.5889  -2.3203  -0.6205  -0.4071   0.0790   0.2212
   0.5261   1.0016   1.1626   1.3805   1.6326   1.7814   2.1347   2.4098
     eigenvalues at k+q:
 -16.4318 -16.0686 -15.2072 -14.7855 -14.7370 -14.7159  -6.0562  -4.4564
  -3.7821  -2.8284  -2.6017  -2.3150  -0.6161  -0.4257   0.0955   0.2228
   0.5252   1.0011   1.1686   1.3814   1.6135   1.8070   2.1334   2.3972
     cgsolve_all iterations  24    anorm=    0.75E-07
     cgsolve_all iterations  24    anorm=    0.67E-07
     cgsolve_all iterations  24    anorm=    0.68E-07
     compute_u_kq: q = (    0.0000,    0.0000,   -0.0074)
     Rotating WFCS
     ethr =  1.00E-14,  avg # of iterations = 13.0
     eigenvalues at k:
 -16.4439 -16.0516 -15.2122 -14.7840 -14.7384 -14.7153  -6.0500  -4.4842
  -3.7599  -2.8357  -2.5889  -2.3203  -0.6205  -0.4071   0.0790   0.2212
   0.5261   1.0016   1.1626   1.3805   1.6326   1.7814   2.1347   2.4098
     eigenvalues at k+q:
 -16.4564 -16.0339 -15.2177 -14.7825 -14.7399 -14.7148  -6.0429  -4.5136
  -3.7365  -2.8425  -2.5769  -2.3259  -0.6241  -0.3876   0.0615   0.2185
   0.5275   1.0014   1.1560   1.3794   1.6515   1.7574   2.1347   2.4223
     cgsolve_all iterations  24    anorm=    0.72E-07
     cgsolve_all iterations  24    anorm=    0.66E-07
     cgsolve_all iterations  24    anorm=    0.67E-07
 
     k-point #    7 of    20      pool #  1    cpu time:      15.9
     compute_u_kq: q = (    0.0000,    0.0000,    0.0000)
     Rotating WFCS
     ethr =  1.00E-14,  avg # of iterations =  5.0
     eigenvalues at k:
 -16.8441 -15.6674 -15.1627 -14.7475 -14.7139 -14.6913  -6.0761  -5.1756
  -3.0346  -2.8842  -2.7344  -2.5213  -0.5236  -0.2568  -0.1007   0.2541
   0.8273   1.0275   1.0805   1.3374   1.6274   1.8651   2.2111   2.4211
     eigenvalues at k+q:
 -16.8441 -15.6674 -15.1627 -14.7475 -14.7140 -14.6914  -6.0761  -5.1756
  -3.0346  -2.8843  -2.7344  -2.5213  -0.5236  -0.2568  -0.1008   0.2540
   0.8272   1.0275   1.0805   1.3374   1.6273   1.8650   2.2111   2.4211
     cgsolve_all iterations  22    anorm=    0.64E-07
PARA_AUG  1      -0.4113260        -0.0298606         0.0100109
     cgsolve_all iterations  22    anorm=    0.70E-07
PARA_AUG  2      -0.0070976        -0.3693857         0.0112597
     cgsolve_all iterations  21    anorm=    0.64E-07
PARA_AUG  3       0.0011937         0.0162450        -0.4402562
     cgsolve_all iterations  23    anorm=    0.62E-07
     cgsolve_all iterations  24    anorm=    0.60E-07
     cgsolve_all iterations  24    anorm=    0.62E-07
     compute_u_kq: q = (    0.0074,    0.0000,    0.0000)
     Rotating WFCS
     ethr =  1.00E-14,  avg # of iterations = 15.0
     eigenvalues at k:
 -16.8441 -15.6674 -15.1627 -14.7475 -14.7139 -14.6913  -6.0761  -5.1756
  -3.0346  -2.8842  -2.7344  -2.5213  -0.5236  -0.2568  -0.1007   0.2541
   0.8273   1.0275   1.0805   1.3374   1.6274   1.8651   2.2111   2.4211
     eigenvalues at k+q:
 -16.8436 -15.6675 -15.1632 -14.7476 -14.7140 -14.6914  -6.0754  -5.1754
  -3.0354  -2.8841  -2.7340  -2.5211  -0.5237  -0.2573  -0.1002   0.2544
   0.8248   1.0287   1.0804   1.3371   1.6280   1.8640   2.2109   2.4217
     cgsolve_all iterations  23    anorm=    0.60E-07
     cgsolve_all iterations  24    anorm=    0.60E-07
     cgsolve_all iterations  24    anorm=    0.62E-07
     compute_u_kq: q = (   -0.0074,    0.0000,    0.0000)
     Rotating WFCS
     ethr =  1.00E-14,  avg # of iterations = 15.0
     eigenvalues at k:
 -16.8441 -15.6674 -15.1627 -14.7475 -14.7139 -14.6913  -6.0761  -5.1756
  -3.0346  -2.8842  -2.7344  -2.5213  -0.5236  -0.2568  -0.1007   0.2541
   0.8273   1.0275   1.0805   1.3374   1.6274   1.8651   2.2111   2.4211
     eigenvalues at k+q:
 -16.8436 -15.6675 -15.1632 -14.7476 -14.7140 -14.6914  -6.0754  -5.1754
  -3.0354  -2.8841  -2.7340  -2.5211  -0.5237  -0.2573  -0.1002   0.2544
   0.8248   1.0287   1.0804   1.3371   1.6280   1.8640   2.2109   2.4217
     cgsolve_all iterations  23    anorm=    0.60E-07
     cgsolve_all iterations  24    anorm=    0.60E-07
     cgsolve_all iterations  24    anorm=    0.62E-07
     compute_u_kq: q = (    0.0000,    0.0074,    0.0000)
     Rotating WFCS
     ethr =  1.00E-14,  avg # of iterations = 14.0
     eigenvalues at k:
 -16.8441 -15.6674 -15.1627 -14.7475 -14.7139 -14.6913  -6.0761  -5.1756
  -3.0346  -2.8842  -2.7344  -2.5213  -0.5236  -0.2568  -0.1007   0.2541
   0.8273   1.0275   1.0805   1.3374   1.6274   1.8651   2.2111   2.4211
     eigenvalues at k+q:
 -16.8529 -15.6654 -15.1559 -14.7452 -14.7120 -14.6905  -6.0882  -5.1789
  -3.0223  -2.8854  -2.7475  -2.5194  -0.5128  -0.2604  -0.1047   0.2400
   0.8530   1.0303   1.0838   1.3367   1.6250   1.8745   2.2106   2.4151
     cgsolve_all iterations  23    anorm=    0.63E-07
     cgsolve_all iterations  24    anorm=    0.59E-07
     cgsolve_all iterations  24    anorm=    0.62E-07
     compute_u_kq: q = (    0.0000,   -0.0074,    0.0000)
     Rotating WFCS
     ethr =  1.00E-14,  avg # of iterations = 14.0
     eigenvalues at k:
 -16.8441 -15.6674 -15.1627 -14.7475 -14.7139 -14.6913  -6.0761  -5.1756
  -3.0346  -2.8842  -2.7344  -2.5213  -0.5236  -0.2568  -0.1007   0.2541
   0.8273   1.0275   1.0805   1.3374   1.6274   1.8651   2.2111   2.4211
     eigenvalues at k+q:
 -16.8344 -15.6698 -15.1700 -14.7499 -14.7161 -14.6923  -6.0631  -5.1716
  -3.0474  -2.8827  -2.7225  -2.5220  -0.5349  -0.2527  -0.0965   0.2682
   0.8003   1.0244   1.0757   1.3391   1.6289   1.8552   2.2126   2.4266
     cgsolve_all iterations  23    anorm=    0.62E-07
     cgsolve_all iterations  24    anorm=    0.62E-07
     cgsolve_all iterations  24    anorm=    0.63E-07
     compute_u_kq: q = (    0.0000,    0.0000,    0.0074)
     Rotating WFCS
     ethr =  1.00E-14,  avg # of iterations = 14.0
     eigenvalues at k:
 -16.8441 -15.6674 -15.1627 -14.7475 -14.7139 -14.6913  -6.0761  -5.1756
  -3.0346  -2.8842  -2.7344  -2.5213  -0.5236  -0.2568  -0.1007   0.2541
   0.8273   1.0275   1.0805   1.3374   1.6274   1.8651   2.2111   2.4211
     eigenvalues at k+q:
 -16.8358 -15.7021 -15.1351 -14.7469 -14.7153 -14.6905  -6.1236  -5.1119
  -3.0590  -2.8908  -2.7389  -2.4999  -0.5281  -0.2414  -0.0935   0.2622
   0.8054   1.0203   1.0841   1.3075   1.6253   1.8749   2.2129   2.4351
     cgsolve_all iterations  24    anorm=    0.62E-07
     cgsolve_all iterations  24    anorm=    0.61E-07
     cgsolve_all iterations  24    anorm=    0.61E-07
     compute_u_kq: q = (    0.0000,    0.0000,   -0.0074)
     Rotating WFCS
     ethr =  1.00E-14,  avg # of iterations = 14.0
     eigenvalues at k:
 -16.8441 -15.6674 -15.1627 -14.7475 -14.7139 -14.6913  -6.0761  -5.1756
  -3.0346  -2.8842  -2.7344  -2.5213  -0.5236  -0.2568  -0.1007   0.2541
   0.8273   1.0275   1.0805   1.3374   1.6274   1.8651   2.2111   2.4211
     eigenvalues at k+q:
 -16.8514 -15.6329 -15.1910 -14.7480 -14.7127 -14.6922  -6.0272  -5.2388
  -3.0108  -2.8782  -2.7321  -2.5410  -0.5180  -0.2722  -0.1074   0.2466
   0.8475   1.0340   1.0768   1.3672   1.6260   1.8560   2.2124   2.4057
     cgsolve_all iterations  23    anorm=    0.60E-07
     cgsolve_all iterations  24    anorm=    0.62E-07
     cgsolve_all iterations  24    anorm=    0.62E-07
 
     k-point #    8 of    20      pool #  1    cpu time:      18.6
     compute_u_kq: q = (    0.0000,    0.0000,    0.0000)
     Rotating WFCS
     ethr =  1.00E-14,  avg # of iterations =  5.0
     eigenvalues at k:
 -16.6123 -16.1901 -14.8477 -14.7402 -14.7314 -14.6813  -6.6048  -4.2071
  -3.4690  -2.9875  -2.9078  -2.1968  -0.4272  -0.0843  -0.0631   0.3649
   0.5670   0.8709   0.9289   1.1096   1.4364   2.1284   2.3763   2.4510
     eigenvalues at k+q:
 -16.6123 -16.1901 -14.8478 -14.7403 -14.7314 -14.6813  -6.6049  -4.2071
  -3.4690  -2.9875  -2.9078  -2.1968  -0.4272  -0.0844  -0.0631   0.3649
   0.5670   0.8709   0.9289   1.1095   1.4363   2.1284   2.3762   2.4510
     cgsolve_all iterations  22    anorm=    0.60E-07
PARA_AUG  1      -0.4235655        -0.0464685        -0.0051931
     cgsolve_all iterations  22    anorm=    0.63E-07
PARA_AUG  2      -0.0251092        -0.3623508         0.0053372
     cgsolve_all iterations  22    anorm=    0.64E-07
PARA_AUG  3       0.0003803         0.0135301        -0.4712554
     cgsolve_all iterations  25    anorm=    0.62E-07
     cgsolve_all iterations  24    anorm=    0.69E-07
     cgsolve_all iterations  24    anorm=    0.65E-07
     compute_u_kq: q = (    0.0074,    0.0000,    0.0000)
     Rotating WFCS
     ethr =  1.00E-14,  avg # of iterations = 14.0
     eigenvalues at k:
 -16.6123 -16.1901 -14.8477 -14.7402 -14.7314 -14.6813  -6.6048  -4.2071
  -3.4690  -2.9875  -2.9078  -2.1968  -0.4272  -0.0843  -0.0631   0.3649
   0.5670   0.8709   0.9289   1.1096   1.4364   2.1284   2.3763   2.4510
     eigenvalues at k+q:
 -16.6120 -16.1898 -14.8486 -14.7405 -14.7311 -14.6814  -6.6037  -4.2076
  -3.4700  -2.9867  -2.9072  -2.1970  -0.4278  -0.0849  -0.0628   0.3637
   0.5663   0.8715   0.9306   1.1100   1.4368   2.1277   2.3744   2.4521
     cgsolve_all iterations  25    anorm=    0.62E-07
     cgsolve_all iterations  24    anorm=    0.69E-07
     cgsolve_all iterations  24    anorm=    0.65E-07
     compute_u_kq: q = (   -0.0074,    0.0000,    0.0000)
     Rotating WFCS
     ethr =  1.00E-14,  avg # of iterations = 14.0
     eigenvalues at k:
 -16.6123 -16.1901 -14.8477 -14.7402 -14.7314 -14.6813  -6.6048  -4.2071
  -3.4690  -2.9875  -2.9078  -2.1968  -0.4272  -0.0843  -0.0631   0.3649
   0.5670   0.8709   0.9289   1.1096   1.4364   2.1284   2.3763   2.4510
     eigenvalues at k+q:
 -16.6120 -16.1898 -14.8486 -14.7405 -14.7311 -14.6814  -6.6037  -4.2076
  -3.4700  -2.9867  -2.9072  -2.1970  -0.4278  -0.0849  -0.0628   0.3637
   0.5663   0.8715   0.9306   1.1100   1.4368   2.1277   2.3744   2.4521
     cgsolve_all iterations  25    anorm=    0.62E-07
     cgsolve_all iterations  24    anorm=    0.69E-07
     cgsolve_all iterations  24    anorm=    0.65E-07
     compute_u_kq: q = (    0.0000,    0.0074,    0.0000)
     Rotating WFCS
     ethr =  1.00E-14,  avg # of iterations = 14.0
     eigenvalues at k:
 -16.6123 -16.1901 -14.8477 -14.7402 -14.7314 -14.6813  -6.6048  -4.2071
  -3.4690  -2.9875  -2.9078  -2.1968  -0.4272  -0.0843  -0.0631   0.3649
   0.5670   0.8709   0.9289   1.1096   1.4364   2.1284   2.3763   2.4510
     eigenvalues at k+q:
 -16.6194 -16.1941 -14.8352 -14.7370 -14.7309 -14.6798  -6.6262  -4.1973
  -3.4515  -2.9961  -2.9266  -2.1902  -0.4128  -0.0717  -0.0692   0.3734
   0.5743   0.8556   0.9217   1.0950   1.4281   2.1406   2.3819   2.4574
     cgsolve_all iterations  25    anorm=    0.60E-07
     cgsolve_all iterations  24    anorm=    0.70E-07
     cgsolve_all iterations  24    anorm=    0.62E-07
     compute_u_kq: q = (    0.0000,   -0.0074,    0.0000)
     Rotating WFCS
     ethr =  1.00E-14,  avg # of iterations = 14.0
     eigenvalues at k:
 -16.6123 -16.1901 -14.8477 -14.7402 -14.7314 -14.6813  -6.6048  -4.2071
  -3.4690  -2.9875  -2.9078  -2.1968  -0.4272  -0.0843  -0.0631   0.3649
   0.5670   0.8709   0.9289   1.1096   1.4364   2.1284   2.3763   2.4510
     eigenvalues at k+q:
 -16.6045 -16.1856 -14.8618 -14.7435 -14.7319 -14.6829  -6.5815  -4.2178
  -3.4868  -2.9786  -2.8881  -2.2041  -0.4423  -0.0987  -0.0563   0.3567
   0.5605   0.8851   0.9376   1.1244   1.4452   2.1150   2.3710   2.4432
     cgsolve_all iterations  25    anorm=    0.65E-07
     cgsolve_all iterations  24    anorm=    0.68E-07
     cgsolve_all iterations  24    anorm=    0.65E-07
     compute_u_kq: q = (    0.0000,    0.0000,    0.0074)
     Rotating WFCS
     ethr =  1.00E-14,  avg # of iterations = 13.0
     eigenvalues at k:
 -16.6123 -16.1901 -14.8477 -14.7402 -14.7314 -14.6813  -6.6048  -4.2071
  -3.4690  -2.9875  -2.9078  -2.1968  -0.4272  -0.0843  -0.0631   0.3649
   0.5670   0.8709   0.9289   1.1096   1.4364   2.1284   2.3763   2.4510
     eigenvalues at k+q:
 -16.5901 -16.2216 -14.8370 -14.7421 -14.7301 -14.6810  -6.6220  -4.1495
  -3.5047  -2.9908  -2.9193  -2.1833  -0.4085  -0.1010  -0.0571   0.3727
   0.5598   0.8634   0.9142   1.1076   1.4263   2.1503   2.3836   2.4409
     cgsolve_all iterations  25    anorm=    0.58E-07
     cgsolve_all iterations  24    anorm=    0.69E-07
     cgsolve_all iterations  24    anorm=    0.64E-07
     compute_u_kq: q = (    0.0000,    0.0000,   -0.0074)
     Rotating WFCS
     ethr =  1.00E-14,  avg # of iterations = 13.0
     eigenvalues at k:
 -16.6123 -16.1901 -14.8477 -14.7402 -14.7314 -14.6813  -6.6048  -4.2071
  -3.4690  -2.9875  -2.9078  -2.1968  -0.4272  -0.0843  -0.0631   0.3649
   0.5670   0.8709   0.9289   1.1096   1.4364   2.1284   2.3763   2.4510
     eigenvalues at k+q:
 -16.6338 -16.1580 -14.8599 -14.7385 -14.7326 -14.6817  -6.5854  -4.2659
  -3.4346  -2.9835  -2.8955  -2.2119  -0.4445  -0.0751  -0.0655   0.3585
   0.5734   0.8806   0.9448   1.1115   1.4477   2.1064   2.3667   2.4608
     cgsolve_all iterations  25    anorm=    0.62E-07
     cgsolve_all iterations  24    anorm=    0.69E-07
     cgsolve_all iterations  25    anorm=    0.63E-07
 
     k-point #    9 of    20      pool #  1    cpu time:      21.4
     compute_u_kq: q = (    0.0000,    0.0000,    0.0000)
     Rotating WFCS
     ethr =  1.00E-14,  avg # of iterations =  5.0
     eigenvalues at k:
 -16.2975 -16.0440 -15.3805 -14.7881 -14.7649 -14.7261  -5.8441  -4.4608
  -3.9180  -2.8380  -2.6672  -2.0531  -0.5137  -0.3364  -0.2503   0.4414
   0.5281   0.6830   0.9890   1.2511   1.4642   2.0154   2.1699   2.5090
     eigenvalues at k+q:
 -16.2976 -16.0440 -15.3806 -14.7882 -14.7650 -14.7261  -5.8441  -4.4608
  -3.9180  -2.8380  -2.6672  -2.0531  -0.5137  -0.3365  -0.2503   0.4414
   0.5281   0.6830   0.9889   1.2511   1.4642   2.0154   2.1699   2.5089
     cgsolve_all iterations  21    anorm=    0.74E-07
PARA_AUG  1      -0.9033749        -0.0280727         0.0766837
     cgsolve_all iterations  21    anorm=    0.76E-07
PARA_AUG  2       0.0788783        -0.8491217         0.0833899
     cgsolve_all iterations  21    anorm=    0.67E-07
PARA_AUG  3      -0.0745634        -0.0171055        -0.8360409
     cgsolve_all iterations  24    anorm=    0.69E-07
     cgsolve_all iterations  23    anorm=    0.67E-07
     cgsolve_all iterations  23    anorm=    0.69E-07
     compute_u_kq: q = (    0.0074,    0.0000,    0.0000)
     Rotating WFCS
     ethr =  1.00E-14,  avg # of iterations = 13.0
     eigenvalues at k:
 -16.2975 -16.0440 -15.3805 -14.7881 -14.7649 -14.7261  -5.8441  -4.4608
  -3.9180  -2.8380  -2.6672  -2.0531  -0.5137  -0.3364  -0.2503   0.4414
   0.5281   0.6830   0.9890   1.2511   1.4642   2.0154   2.1699   2.5090
     eigenvalues at k+q:
 -16.3095 -16.0331 -15.3787 -14.7884 -14.7645 -14.7259  -5.8430  -4.4953
  -3.8795  -2.8412  -2.6687  -2.0582  -0.5152  -0.3431  -0.2392   0.4266
   0.5258   0.6976   0.9902   1.2536   1.4730   1.9992   2.1790   2.5086
     cgsolve_all iterations  24    anorm=    0.68E-07
     cgsolve_all iterations  23    anorm=    0.68E-07
     cgsolve_all iterations  23    anorm=    0.68E-07
     compute_u_kq: q = (   -0.0074,    0.0000,    0.0000)
     Rotating WFCS
     ethr =  1.00E-14,  avg # of iterations = 13.0
     eigenvalues at k:
 -16.2975 -16.0440 -15.3805 -14.7881 -14.7649 -14.7261  -5.8441  -4.4608
  -3.9180  -2.8380  -2.6672  -2.0531  -0.5137  -0.3364  -0.2503   0.4414
   0.5281   0.6830   0.9890   1.2511   1.4642   2.0154   2.1699   2.5090
     eigenvalues at k+q:
 -16.2858 -16.0548 -15.3822 -14.7880 -14.7654 -14.7263  -5.8450  -4.4265
  -3.9556  -2.8353  -2.6663  -2.0486  -0.5124  -0.3298  -0.2608   0.4542
   0.5328   0.6675   0.9867   1.2504   1.4561   2.0310   2.1603   2.5093
     cgsolve_all iterations  24    anorm=    0.68E-07
     cgsolve_all iterations  23    anorm=    0.67E-07
     cgsolve_all iterations  23    anorm=    0.67E-07
     compute_u_kq: q = (    0.0000,    0.0074,    0.0000)
     Rotating WFCS
     ethr =  1.00E-14,  avg # of iterations = 13.0
     eigenvalues at k:
 -16.2975 -16.0440 -15.3805 -14.7881 -14.7649 -14.7261  -5.8441  -4.4608
  -3.9180  -2.8380  -2.6672  -2.0531  -0.5137  -0.3364  -0.2503   0.4414
   0.5281   0.6830   0.9890   1.2511   1.4642   2.0154   2.1699   2.5090
     eigenvalues at k+q:
 -16.2995 -16.0422 -15.3802 -14.7883 -14.7649 -14.7260  -5.8441  -4.4644
  -3.9143  -2.8382  -2.6672  -2.0542  -0.5162  -0.3331  -0.2503   0.4435
   0.5243   0.6862   0.9862   1.2523   1.4655   2.0117   2.1731   2.5084
     cgsolve_all iterations  24    anorm=    0.70E-07
     cgsolve_all iterations  23    anorm=    0.70E-07
     cgsolve_all iterations  23    anorm=    0.70E-07
     compute_u_kq: q = (    0.0000,   -0.0074,    0.0000)
     Rotating WFCS
     ethr =  1.00E-14,  avg # of iterations = 13.0
     eigenvalues at k:
 -16.2975 -16.0440 -15.3805 -14.7881 -14.7649 -14.7261  -5.8441  -4.4608
  -3.9180  -2.8380  -2.6672  -2.0531  -0.5137  -0.3364  -0.2503   0.4414
   0.5281   0.6830   0.9890   1.2511   1.4642   2.0154   2.1699   2.5090
     eigenvalues at k+q:
 -16.2998 -16.0417 -15.3806 -14.7881 -14.7649 -14.7260  -5.8442  -4.4645
  -3.9143  -2.8384  -2.6670  -2.0537  -0.5123  -0.3377  -0.2501   0.4369
   0.5303   0.6826   0.9947   1.2484   1.4644   2.0162   2.1683   2.5094
     cgsolve_all iterations  24    anorm=    0.70E-07
     cgsolve_all iterations  23    anorm=    0.69E-07
     cgsolve_all iterations  23    anorm=    0.66E-07
     compute_u_kq: q = (    0.0000,    0.0000,    0.0074)
     Rotating WFCS
     ethr =  1.00E-14,  avg # of iterations = 13.0
     eigenvalues at k:
 -16.2975 -16.0440 -15.3805 -14.7881 -14.7649 -14.7261  -5.8441  -4.4608
  -3.9180  -2.8380  -2.6672  -2.0531  -0.5137  -0.3364  -0.2503   0.4414
   0.5281   0.6830   0.9890   1.2511   1.4642   2.0154   2.1699   2.5090
     eigenvalues at k+q:
 -16.3002 -16.0351 -15.3866 -14.7879 -14.7679 -14.7251  -5.8303  -4.4736
  -3.9233  -2.8396  -2.6517  -2.0697  -0.5292  -0.3374  -0.2403   0.4432
   0.5339   0.6824   1.0147   1.2492   1.4767   2.0101   2.1621   2.4957
     cgsolve_all iterations  24    anorm=    0.70E-07
     cgsolve_all iterations  23    anorm=    0.70E-07
     cgsolve_all iterations  23    anorm=    0.66E-07
     compute_u_kq: q = (    0.0000,    0.0000,   -0.0074)
     Rotating WFCS
     ethr =  1.00E-14,  avg # of iterations = 13.0
     eigenvalues at k:
 -16.2975 -16.0440 -15.3805 -14.7881 -14.7649 -14.7261  -5.8441  -4.4608
  -3.9180  -2.8380  -2.6672  -2.0531  -0.5137  -0.3364  -0.2503   0.4414
   0.5281   0.6830   0.9890   1.2511   1.4642   2.0154   2.1699   2.5090
     eigenvalues at k+q:
 -16.2951 -16.0520 -15.3753 -14.7884 -14.7620 -14.7273  -5.8564  -4.4497
  -3.9130  -2.8354  -2.6824  -2.0383  -0.4982  -0.3363  -0.2602   0.4398
   0.5229   0.6842   0.9645   1.2544   1.4520   2.0201   2.1767   2.5208
     cgsolve_all iterations  24    anorm=    0.69E-07
     cgsolve_all iterations  23    anorm=    0.67E-07
     cgsolve_all iterations  23    anorm=    0.68E-07
 
     k-point #   10 of    20      pool #  1    cpu time:      24.3
     compute_u_kq: q = (    0.0000,    0.0000,    0.0000)
     Rotating WFCS
     ethr =  1.00E-14,  avg # of iterations =  5.0
     eigenvalues at k:
 -16.3307 -15.8565 -15.5318 -14.8116 -14.7649 -14.7312  -5.5006  -4.8061
  -3.9798  -2.7409  -2.4643  -2.4043  -0.6958  -0.3791  -0.1396   0.4998
   0.5985   0.7050   1.4123   1.4461   1.6508   1.8879   1.9484   2.2025
     eigenvalues at k+q:
 -16.3307 -15.8566 -15.5319 -14.8116 -14.7649 -14.7313  -5.5006  -4.8061
  -3.9799  -2.7409  -2.4643  -2.4043  -0.6958  -0.3791  -0.1396   0.4998
   0.5985   0.7050   1.4123   1.4461   1.6508   1.8878   1.9483   2.2025
     cgsolve_all iterations  21    anorm=    0.67E-07
PARA_AUG  1      -0.9011411        -0.0627478         0.1034464
     cgsolve_all iterations  20    anorm=    0.69E-07
PARA_AUG  2       0.0461586        -0.8037748         0.1070393
     cgsolve_all iterations  20    anorm=    0.67E-07
PARA_AUG  3      -0.1223431        -0.0578456        -0.7735801
     cgsolve_all iterations  23    anorm=    0.66E-07
     cgsolve_all iterations  22    anorm=    0.66E-07
     cgsolve_all iterations  23    anorm=    0.66E-07
     compute_u_kq: q = (    0.0074,    0.0000,    0.0000)
     Rotating WFCS
     ethr =  1.00E-14,  avg # of iterations = 13.0
     eigenvalues at k:
 -16.3307 -15.8565 -15.5318 -14.8116 -14.7649 -14.7312  -5.5006  -4.8061
  -3.9798  -2.7409  -2.4643  -2.4043  -0.6958  -0.3791  -0.1396   0.4998
   0.5985   0.7050   1.4123   1.4461   1.6508   1.8879   1.9484   2.2025
     eigenvalues at k+q:
 -16.3333 -15.8628 -15.5235 -14.8113 -14.7637 -14.7306  -5.5181  -4.7973
  -3.9691  -2.7447  -2.4631  -2.4046  -0.6937  -0.3985  -0.1183   0.4869
   0.5934   0.7235   1.4035   1.4414   1.6503   1.8856   1.9477   2.2164
     cgsolve_all iterations  23    anorm=    0.66E-07
     cgsolve_all iterations  22    anorm=    0.67E-07
     cgsolve_all iterations  23    anorm=    0.68E-07
     compute_u_kq: q = (   -0.0074,    0.0000,    0.0000)
     Rotating WFCS
     ethr =  1.00E-14,  avg # of iterations = 13.0
     eigenvalues at k:
 -16.3307 -15.8565 -15.5318 -14.8116 -14.7649 -14.7312  -5.5006  -4.8061
  -3.9798  -2.7409  -2.4643  -2.4043  -0.6958  -0.3791  -0.1396   0.4998
   0.5985   0.7050   1.4123   1.4461   1.6508   1.8879   1.9484   2.2025
     eigenvalues at k+q:
 -16.3283 -15.8505 -15.5398 -14.8120 -14.7659 -14.7319  -5.4843  -4.8147
  -3.9890  -2.7378  -2.4653  -2.4039  -0.6976  -0.3592  -0.1612   0.5132
   0.6031   0.6865   1.4200   1.4504   1.6504   1.8913   1.9480   2.1900
     cgsolve_all iterations  23    anorm=    0.62E-07
     cgsolve_all iterations  22    anorm=    0.65E-07
     cgsolve_all iterations  23    anorm=    0.65E-07
     compute_u_kq: q = (    0.0000,    0.0074,    0.0000)
     Rotating WFCS
     ethr =  1.00E-14,  avg # of iterations = 13.0
     eigenvalues at k:
 -16.3307 -15.8565 -15.5318 -14.8116 -14.7649 -14.7312  -5.5006  -4.8061
  -3.9798  -2.7409  -2.4643  -2.4043  -0.6958  -0.3791  -0.1396   0.4998
   0.5985   0.7050   1.4123   1.4461   1.6508   1.8879   1.9484   2.2025
     eigenvalues at k+q:
 -16.3310 -15.8583 -15.5297 -14.8117 -14.7648 -14.7312  -5.5034  -4.8039
  -3.9792  -2.7409  -2.4639  -2.4052  -0.6957  -0.3802  -0.1376   0.4952
   0.6070   0.7007   1.4187   1.4358   1.6546   1.8796   1.9582   2.2009
     cgsolve_all iterations  23    anorm=    0.64E-07
     cgsolve_all iterations  22    anorm=    0.66E-07
     cgsolve_all iterations  23    anorm=    0.67E-07
     compute_u_kq: q = (    0.0000,   -0.0074,    0.0000)
     Rotating WFCS
     ethr =  1.00E-14,  avg # of iterations = 13.0
     eigenvalues at k:
 -16.3307 -15.8565 -15.5318 -14.8116 -14.7649 -14.7312  -5.5006  -4.8061
  -3.9798  -2.7409  -2.4643  -2.4043  -0.6958  -0.3791  -0.1396   0.4998
   0.5985   0.7050   1.4123   1.4461   1.6508   1.8879   1.9484   2.2025
     eigenvalues at k+q:
 -16.3311 -15.8576 -15.5305 -14.8114 -14.7649 -14.7312  -5.5034  -4.8041
  -3.9791  -2.7414  -2.4649  -2.4034  -0.6953  -0.3802  -0.1385   0.4983
   0.5936   0.7113   1.4032   1.4570   1.6478   1.8880   1.9462   2.2053
     cgsolve_all iterations  23    anorm=    0.63E-07
     cgsolve_all iterations  22    anorm=    0.67E-07
     cgsolve_all iterations  23    anorm=    0.67E-07
     compute_u_kq: q = (    0.0000,    0.0000,    0.0074)
     Rotating WFCS
     ethr =  1.00E-14,  avg # of iterations = 13.0
     eigenvalues at k:
 -16.3307 -15.8565 -15.5318 -14.8116 -14.7649 -14.7312  -5.5006  -4.8061
  -3.9798  -2.7409  -2.4643  -2.4043  -0.6958  -0.3791  -0.1396   0.4998
   0.5985   0.7050   1.4123   1.4461   1.6508   1.8879   1.9484   2.2025
     eigenvalues at k+q:
 -16.3318 -15.8438 -15.5434 -14.8134 -14.7628 -14.7330  -5.4743  -4.8332
  -3.9814  -2.7264  -2.4595  -2.4261  -0.7014  -0.3813  -0.1369   0.5055
   0.5956   0.7089   1.4352   1.4715   1.6571   1.8752   1.9350   2.1809
     cgsolve_all iterations  23    anorm=    0.65E-07
     cgsolve_all iterations  22    anorm=    0.65E-07
     cgsolve_all iterations  23    anorm=    0.66E-07
     compute_u_kq: q = (    0.0000,    0.0000,   -0.0074)
     Rotating WFCS
     ethr =  1.00E-14,  avg # of iterations = 13.0
     eigenvalues at k:
 -16.3307 -15.8565 -15.5318 -14.8116 -14.7649 -14.7312  -5.5006  -4.8061
  -3.9798  -2.7409  -2.4643  -2.4043  -0.6958  -0.3791  -0.1396   0.4998
   0.5985   0.7050   1.4123   1.4461   1.6508   1.8879   1.9484   2.2025
     eigenvalues at k+q:
 -16.3295 -15.8697 -15.5200 -14.8097 -14.7670 -14.7297  -5.5274  -4.7783
  -3.9780  -2.7546  -2.4718  -2.3802  -0.6894  -0.3766  -0.1429   0.4940
   0.6008   0.7008   1.3886   1.4206   1.6426   1.8986   1.9648   2.2248
     cgsolve_all iterations  23    anorm=    0.64E-07
     cgsolve_all iterations  22    anorm=    0.67E-07
     cgsolve_all iterations  23    anorm=    0.67E-07
 
     k-point #   11 of    20      pool #  1    cpu time:      27.1
     compute_u_kq: q = (    0.0000,    0.0000,    0.0000)
     Rotating WFCS
     ethr =  1.00E-14,  avg # of iterations =  5.0
     eigenvalues at k:
 -16.5333 -15.8456 -15.3172 -14.7874 -14.7563 -14.7168  -5.8443  -4.9241
  -3.3549  -2.8643  -2.7579  -2.2202  -0.6390  -0.2630  -0.0251   0.2700
   0.5255   0.8501   0.9234   1.4517   1.6055   1.7075   2.3089   2.4572
     eigenvalues at k+q:
 -16.5333 -15.8457 -15.3173 -14.7875 -14.7563 -14.7168  -5.8443  -4.9241
  -3.3549  -2.8644  -2.7579  -2.2202  -0.6390  -0.2630  -0.0251   0.2700
   0.5255   0.8501   0.9234   1.4516   1.6055   1.7074   2.3088   2.4572
     cgsolve_all iterations  22    anorm=    0.67E-07
PARA_AUG  1      -0.4519470        -0.0464935         0.0125845
     cgsolve_all iterations  21    anorm=    0.70E-07
PARA_AUG  2       0.0784336        -0.3747093         0.0538598
     cgsolve_all iterations  21    anorm=    0.61E-07
PARA_AUG  3      -0.0388307         0.0437186        -0.4261297
     cgsolve_all iterations  24    anorm=    0.67E-07
     cgsolve_all iterations  24    anorm=    0.63E-07
     cgsolve_all iterations  24    anorm=    0.61E-07
     compute_u_kq: q = (    0.0074,    0.0000,    0.0000)
     Rotating WFCS
     ethr =  1.00E-14,  avg # of iterations = 13.0
     eigenvalues at k:
 -16.5333 -15.8456 -15.3172 -14.7874 -14.7563 -14.7168  -5.8443  -4.9241
  -3.3549  -2.8643  -2.7579  -2.2202  -0.6390  -0.2630  -0.0251   0.2700
   0.5255   0.8501   0.9234   1.4517   1.6055   1.7075   2.3089   2.4572
     eigenvalues at k+q:
 -16.5329 -15.8459 -15.3175 -14.7875 -14.7563 -14.7168  -5.8443  -4.9230
  -3.3569  -2.8645  -2.7566  -2.2199  -0.6386  -0.2630  -0.0260   0.2702
   0.5253   0.8505   0.9236   1.4498   1.6055   1.7087   2.3083   2.4576
     cgsolve_all iterations  24    anorm=    0.67E-07
     cgsolve_all iterations  24    anorm=    0.64E-07
     cgsolve_all iterations  24    anorm=    0.61E-07
     compute_u_kq: q = (   -0.0074,    0.0000,    0.0000)
     Rotating WFCS
     ethr =  1.00E-14,  avg # of iterations = 13.0
     eigenvalues at k:
 -16.5333 -15.8456 -15.3172 -14.7874 -14.7563 -14.7168  -5.8443  -4.9241
  -3.3549  -2.8643  -2.7579  -2.2202  -0.6390  -0.2630  -0.0251   0.2700
   0.5255   0.8501   0.9234   1.4517   1.6055   1.7075   2.3089   2.4572
     eigenvalues at k+q:
 -16.5329 -15.8459 -15.3175 -14.7875 -14.7563 -14.7168  -5.8443  -4.9230
  -3.3569  -2.8645  -2.7566  -2.2199  -0.6386  -0.2630  -0.0260   0.2702
   0.5253   0.8505   0.9236   1.4498   1.6055   1.7087   2.3083   2.4576
     cgsolve_all iterations  24    anorm=    0.67E-07
     cgsolve_all iterations  24    anorm=    0.64E-07
     cgsolve_all iterations  24    anorm=    0.61E-07
     compute_u_kq: q = (    0.0000,    0.0074,    0.0000)
     Rotating WFCS
     ethr =  1.00E-14,  avg # of iterations = 13.0
     eigenvalues at k:
 -16.5333 -15.8456 -15.3172 -14.7874 -14.7563 -14.7168  -5.8443  -4.9241
  -3.3549  -2.8643  -2.7579  -2.2202  -0.6390  -0.2630  -0.0251   0.2700
   0.5255   0.8501   0.9234   1.4517   1.6055   1.7075   2.3089   2.4572
     eigenvalues at k+q:
 -16.5522 -15.8302 -15.3121 -14.7864 -14.7551 -14.7155  -5.8501  -4.9430
  -3.3378  -2.8624  -2.7561  -2.2388  -0.6428  -0.2496  -0.0234   0.2749
   0.5243   0.8630   0.9268   1.4543   1.5972   1.7117   2.3091   2.4546
     cgsolve_all iterations  24    anorm=    0.66E-07
     cgsolve_all iterations  24    anorm=    0.62E-07
     cgsolve_all iterations  24    anorm=    0.60E-07
     compute_u_kq: q = (    0.0000,   -0.0074,    0.0000)
     Rotating WFCS
     ethr =  1.00E-14,  avg # of iterations = 13.0
     eigenvalues at k:
 -16.5333 -15.8456 -15.3172 -14.7874 -14.7563 -14.7168  -5.8443  -4.9241
  -3.3549  -2.8643  -2.7579  -2.2202  -0.6390  -0.2630  -0.0251   0.2700
   0.5255   0.8501   0.9234   1.4517   1.6055   1.7075   2.3089   2.4572
     eigenvalues at k+q:
 -16.5149 -15.8611 -15.3219 -14.7884 -14.7573 -14.7181  -5.8393  -4.9059
  -3.3712  -2.8667  -2.7589  -2.2028  -0.6339  -0.2779  -0.0277   0.2669
   0.5266   0.8374   0.9216   1.4480   1.6135   1.7046   2.3071   2.4604
     cgsolve_all iterations  24    anorm=    0.66E-07
     cgsolve_all iterations  24    anorm=    0.63E-07
     cgsolve_all iterations  24    anorm=    0.58E-07
     compute_u_kq: q = (    0.0000,    0.0000,    0.0074)
     Rotating WFCS
     ethr =  1.00E-14,  avg # of iterations = 13.0
     eigenvalues at k:
 -16.5333 -15.8456 -15.3172 -14.7874 -14.7563 -14.7168  -5.8443  -4.9241
  -3.3549  -2.8643  -2.7579  -2.2202  -0.6390  -0.2630  -0.0251   0.2700
   0.5255   0.8501   0.9234   1.4517   1.6055   1.7075   2.3089   2.4572
     eigenvalues at k+q:
 -16.5281 -15.8543 -15.3144 -14.7872 -14.7574 -14.7162  -5.8498  -4.9065
  -3.3826  -2.8647  -2.7314  -2.2330  -0.6453  -0.2681  -0.0185   0.2671
   0.5428   0.8405   0.9354   1.4478   1.6154   1.7073   2.3017   2.4513
     cgsolve_all iterations  24    anorm=    0.66E-07
     cgsolve_all iterations  24    anorm=    0.63E-07
     cgsolve_all iterations  24    anorm=    0.60E-07
     compute_u_kq: q = (    0.0000,    0.0000,   -0.0074)
     Rotating WFCS
     ethr =  1.00E-14,  avg # of iterations = 13.0
     eigenvalues at k:
 -16.5333 -15.8456 -15.3172 -14.7874 -14.7563 -14.7168  -5.8443  -4.9241
  -3.3549  -2.8643  -2.7579  -2.2202  -0.6390  -0.2630  -0.0251   0.2700
   0.5255   0.8501   0.9234   1.4517   1.6055   1.7075   2.3089   2.4572
     eigenvalues at k+q:
 -16.5380 -15.8378 -15.3201 -14.7878 -14.7551 -14.7175  -5.8391  -4.9400
  -3.3281  -2.8637  -2.7840  -2.2086  -0.6323  -0.2589  -0.0323   0.2730
   0.5089   0.8610   0.9120   1.4549   1.5952   1.7087   2.3150   2.4624
     cgsolve_all iterations  24    anorm=    0.64E-07
     cgsolve_all iterations  24    anorm=    0.63E-07
     cgsolve_all iterations  24    anorm=    0.61E-07
 
     k-point #   12 of    20      pool #  1    cpu time:      30.0
     compute_u_kq: q = (    0.0000,    0.0000,    0.0000)
     Rotating WFCS
     ethr =  1.00E-14,  avg # of iterations =  5.0
     eigenvalues at k:
 -16.4098 -16.0173 -15.2848 -14.8011 -14.7447 -14.7114  -5.9262  -4.5794
  -3.7561  -2.8273  -2.5070  -2.3944  -0.6599  -0.4783   0.1174   0.2993
   0.5588   0.9614   1.1292   1.3701   1.6169   1.8717   2.1134   2.3522
     eigenvalues at k+q:
 -16.4099 -16.0173 -15.2848 -14.8011 -14.7447 -14.7114  -5.9262  -4.5794
  -3.7562  -2.8273  -2.5070  -2.3944  -0.6599  -0.4783   0.1173   0.2992
   0.5588   0.9614   1.1292   1.3700   1.6169   1.8717   2.1134   2.3522
     cgsolve_all iterations  21    anorm=    0.66E-07
PARA_AUG  1      -0.4559946        -0.0672794         0.0125970
     cgsolve_all iterations  21    anorm=    0.65E-07
PARA_AUG  2       0.0561766        -0.3479484         0.0636040
     cgsolve_all iterations  21    anorm=    0.69E-07
PARA_AUG  3      -0.0565262         0.0179104        -0.4161787
     cgsolve_all iterations  24    anorm=    0.67E-07
     cgsolve_all iterations  23    anorm=    0.66E-07
     cgsolve_all iterations  23    anorm=    0.60E-07
     compute_u_kq: q = (    0.0074,    0.0000,    0.0000)
     Rotating WFCS
     ethr =  1.00E-14,  avg # of iterations = 14.0
     eigenvalues at k:
 -16.4098 -16.0173 -15.2848 -14.8011 -14.7447 -14.7114  -5.9262  -4.5794
  -3.7561  -2.8273  -2.5070  -2.3944  -0.6599  -0.4783   0.1174   0.2993
   0.5588   0.9614   1.1292   1.3701   1.6169   1.8717   2.1134   2.3522
     eigenvalues at k+q:
 -16.4096 -16.0170 -15.2853 -14.8011 -14.7448 -14.7115  -5.9253  -4.5796
  -3.7572  -2.8268  -2.5070  -2.3943  -0.6599  -0.4781   0.1165   0.2992
   0.5594   0.9597   1.1309   1.3704   1.6172   1.8711   2.1135   2.3515
     cgsolve_all iterations  24    anorm=    0.67E-07
     cgsolve_all iterations  23    anorm=    0.66E-07
     cgsolve_all iterations  23    anorm=    0.60E-07
     compute_u_kq: q = (   -0.0074,    0.0000,    0.0000)
     Rotating WFCS
     ethr =  1.00E-14,  avg # of iterations = 13.0
     eigenvalues at k:
 -16.4098 -16.0173 -15.2848 -14.8011 -14.7447 -14.7114  -5.9262  -4.5794
  -3.7561  -2.8273  -2.5070  -2.3944  -0.6599  -0.4783   0.1174   0.2993
   0.5588   0.9614   1.1292   1.3701   1.6169   1.8717   2.1134   2.3522
     eigenvalues at k+q:
 -16.4096 -16.0170 -15.2853 -14.8011 -14.7448 -14.7115  -5.9253  -4.5796
  -3.7572  -2.8268  -2.5070  -2.3943  -0.6599  -0.4781   0.1165   0.2992
   0.5594   0.9597   1.1309   1.3704   1.6172   1.8711   2.1135   2.3515
     cgsolve_all iterations  24    anorm=    0.67E-07
     cgsolve_all iterations  23    anorm=    0.66E-07
     cgsolve_all iterations  23    anorm=    0.60E-07
     compute_u_kq: q = (    0.0000,    0.0074,    0.0000)
     Rotating WFCS
     ethr =  1.00E-14,  avg # of iterations = 13.0
     eigenvalues at k:
 -16.4098 -16.0173 -15.2848 -14.8011 -14.7447 -14.7114  -5.9262  -4.5794
  -3.7561  -2.8273  -2.5070  -2.3944  -0.6599  -0.4783   0.1174   0.2993
   0.5588   0.9614   1.1292   1.3701   1.6169   1.8717   2.1134   2.3522
     eigenvalues at k+q:
 -16.4186 -16.0305 -15.2600 -14.7988 -14.7443 -14.7104  -5.9631  -4.5548
  -3.7481  -2.8316  -2.5231  -2.3858  -0.6563  -0.4606   0.1143   0.2941
   0.5568   0.9663   1.1201   1.3613   1.6134   1.8753   2.1341   2.3508
     cgsolve_all iterations  24    anorm=    0.69E-07
     cgsolve_all iterations  23    anorm=    0.67E-07
     cgsolve_all iterations  23    anorm=    0.61E-07
     compute_u_kq: q = (    0.0000,   -0.0074,    0.0000)
     Rotating WFCS
     ethr =  1.00E-14,  avg # of iterations = 13.0
     eigenvalues at k:
 -16.4098 -16.0173 -15.2848 -14.8011 -14.7447 -14.7114  -5.9262  -4.5794
  -3.7561  -2.8273  -2.5070  -2.3944  -0.6599  -0.4783   0.1174   0.2993
   0.5588   0.9614   1.1292   1.3701   1.6169   1.8717   2.1134   2.3522
     eigenvalues at k+q:
 -16.4019 -16.0040 -15.3089 -14.8032 -14.7451 -14.7124  -5.8908  -4.6036
  -3.7633  -2.8236  -2.4920  -2.4022  -0.6624  -0.4951   0.1188   0.3055
   0.5604   0.9554   1.1395   1.3774   1.6190   1.8700   2.0928   2.3541
     cgsolve_all iterations  24    anorm=    0.66E-07
     cgsolve_all iterations  23    anorm=    0.65E-07
     cgsolve_all iterations  23    anorm=    0.58E-07
     compute_u_kq: q = (    0.0000,    0.0000,    0.0074)
     Rotating WFCS
     ethr =  1.00E-14,  avg # of iterations = 13.0
     eigenvalues at k:
 -16.4098 -16.0173 -15.2848 -14.8011 -14.7447 -14.7114  -5.9262  -4.5794
  -3.7561  -2.8273  -2.5070  -2.3944  -0.6599  -0.4783   0.1174   0.2993
   0.5588   0.9614   1.1292   1.3701   1.6169   1.8717   2.1134   2.3522
     eigenvalues at k+q:
 -16.4016 -16.0273 -15.2843 -14.8021 -14.7430 -14.7115  -5.9293  -4.5603
  -3.7744  -2.8220  -2.5207  -2.3840  -0.6552  -0.4952   0.1271   0.3036
   0.5477   0.9773   1.1408   1.3668   1.6093   1.8911   2.0878   2.3534
     cgsolve_all iterations  24    anorm=    0.67E-07
     cgsolve_all iterations  23    anorm=    0.65E-07
     cgsolve_all iterations  23    anorm=    0.62E-07
     compute_u_kq: q = (    0.0000,    0.0000,   -0.0074)
     Rotating WFCS
     ethr =  1.00E-14,  avg # of iterations = 13.0
     eigenvalues at k:
 -16.4098 -16.0173 -15.2848 -14.8011 -14.7447 -14.7114  -5.9262  -4.5794
  -3.7561  -2.8273  -2.5070  -2.3944  -0.6599  -0.4783   0.1174   0.2993
   0.5588   0.9614   1.1292   1.3701   1.6169   1.8717   2.1134   2.3522
     eigenvalues at k+q:
 -16.4186 -16.0066 -15.2857 -14.7999 -14.7464 -14.7114  -5.9227  -4.6001
  -3.7362  -2.8325  -2.4947  -2.4038  -0.6639  -0.4608   0.1068   0.2950
   0.5693   0.9448   1.1171   1.3740   1.6248   1.8522   2.1373   2.3524
     cgsolve_all iterations  24    anorm=    0.68E-07
     cgsolve_all iterations  23    anorm=    0.65E-07
     cgsolve_all iterations  23    anorm=    0.61E-07
 
     k-point #   13 of    20      pool #  1    cpu time:      32.9
     compute_u_kq: q = (    0.0000,    0.0000,    0.0000)
     Rotating WFCS
     ethr =  1.00E-14,  avg # of iterations =  5.0
     eigenvalues at k:
 -16.4235 -15.9296 -15.3608 -14.7874 -14.7569 -14.7243  -5.8350  -4.7553
  -3.5688  -2.8769  -2.6949  -2.1153  -0.5306  -0.3587  -0.1501   0.2443
   0.5609   0.7757   1.0408   1.3113   1.5299   1.8866   2.2045   2.5143
     eigenvalues at k+q:
 -16.4235 -15.9296 -15.3609 -14.7875 -14.7570 -14.7243  -5.8350  -4.7553
  -3.5688  -2.8770  -2.6949  -2.1153  -0.5307  -0.3587  -0.1501   0.2443
   0.5609   0.7757   1.0407   1.3113   1.5298   1.8866   2.2045   2.5143
     cgsolve_all iterations  22    anorm=    0.69E-07
PARA_AUG  1      -0.7877630         0.0694755         0.1362646
     cgsolve_all iterations  22    anorm=    0.69E-07
PARA_AUG  2      -0.1540111        -0.9120543        -0.0259814
     cgsolve_all iterations  22    anorm=    0.66E-07
PARA_AUG  3       0.0154465        -0.1137619        -0.8457128
     cgsolve_all iterations  24    anorm=    0.67E-07
     cgsolve_all iterations  24    anorm=    0.66E-07
     cgsolve_all iterations  24    anorm=    0.64E-07
     compute_u_kq: q = (    0.0074,    0.0000,    0.0000)
     Rotating WFCS
     ethr =  1.00E-14,  avg # of iterations = 13.0
     eigenvalues at k:
 -16.4235 -15.9296 -15.3608 -14.7874 -14.7569 -14.7243  -5.8350  -4.7553
  -3.5688  -2.8769  -2.6949  -2.1153  -0.5306  -0.3587  -0.1501   0.2443
   0.5609   0.7757   1.0408   1.3113   1.5299   1.8866   2.2045   2.5143
     eigenvalues at k+q:
 -16.4396 -15.9146 -15.3590 -14.7869 -14.7555 -14.7240  -5.8360  -4.7791
  -3.5416  -2.8805  -2.6961  -2.1251  -0.5370  -0.3444  -0.1446   0.2246
   0.5622   0.7868   1.0510   1.3167   1.5304   1.8799   2.2026   2.5157
     cgsolve_all iterations  24    anorm=    0.68E-07
     cgsolve_all iterations  24    anorm=    0.61E-07
     cgsolve_all iterations  24    anorm=    0.65E-07
     compute_u_kq: q = (   -0.0074,    0.0000,    0.0000)
     Rotating WFCS
     ethr =  1.00E-14,  avg # of iterations = 13.0
     eigenvalues at k:
 -16.4235 -15.9296 -15.3608 -14.7874 -14.7569 -14.7243  -5.8350  -4.7553
  -3.5688  -2.8769  -2.6949  -2.1153  -0.5306  -0.3587  -0.1501   0.2443
   0.5609   0.7757   1.0408   1.3113   1.5299   1.8866   2.2045   2.5143
     eigenvalues at k+q:
 -16.4085 -15.9437 -15.3625 -14.7880 -14.7582 -14.7246  -5.8345  -4.7323
  -3.5955  -2.8734  -2.6935  -2.1068  -0.5253  -0.3700  -0.1556   0.2642
   0.5583   0.7666   1.0298   1.3067   1.5286   1.8931   2.2064   2.5128
     cgsolve_all iterations  24    anorm=    0.66E-07
     cgsolve_all iterations  24    anorm=    0.70E-07
     cgsolve_all iterations  24    anorm=    0.66E-07
     compute_u_kq: q = (    0.0000,    0.0074,    0.0000)
     Rotating WFCS
     ethr =  1.00E-14,  avg # of iterations = 13.0
     eigenvalues at k:
 -16.4235 -15.9296 -15.3608 -14.7874 -14.7569 -14.7243  -5.8350  -4.7553
  -3.5688  -2.8769  -2.6949  -2.1153  -0.5306  -0.3587  -0.1501   0.2443
   0.5609   0.7757   1.0408   1.3113   1.5299   1.8866   2.2045   2.5143
     eigenvalues at k+q:
 -16.4230 -15.9312 -15.3594 -14.7878 -14.7567 -14.7247  -5.8330  -4.7655
  -3.5506  -2.8802  -2.7011  -2.1148  -0.5295  -0.3699  -0.1382   0.2350
   0.5669   0.7737   1.0298   1.3273   1.5347   1.8758   2.2083   2.5139
     cgsolve_all iterations  24    anorm=    0.67E-07
     cgsolve_all iterations  24    anorm=    0.66E-07
     cgsolve_all iterations  24    anorm=    0.65E-07
     compute_u_kq: q = (    0.0000,   -0.0074,    0.0000)
     Rotating WFCS
     ethr =  1.00E-14,  avg # of iterations = 13.0
     eigenvalues at k:
 -16.4235 -15.9296 -15.3608 -14.7874 -14.7569 -14.7243  -5.8350  -4.7553
  -3.5688  -2.8769  -2.6949  -2.1153  -0.5306  -0.3587  -0.1501   0.2443
   0.5609   0.7757   1.0408   1.3113   1.5299   1.8866   2.2045   2.5143
     eigenvalues at k+q:
 -16.4241 -15.9281 -15.3622 -14.7872 -14.7573 -14.7240  -5.8371  -4.7450
  -3.5869  -2.8737  -2.6891  -2.1159  -0.5320  -0.3472  -0.1615   0.2544
   0.5543   0.7768   1.0525   1.2948   1.5255   1.8963   2.2014   2.5144
     cgsolve_all iterations  24    anorm=    0.67E-07
     cgsolve_all iterations  24    anorm=    0.65E-07
     cgsolve_all iterations  24    anorm=    0.67E-07
     compute_u_kq: q = (    0.0000,    0.0000,    0.0074)
     Rotating WFCS
     ethr =  1.00E-14,  avg # of iterations = 13.0
     eigenvalues at k:
 -16.4235 -15.9296 -15.3608 -14.7874 -14.7569 -14.7243  -5.8350  -4.7553
  -3.5688  -2.8769  -2.6949  -2.1153  -0.5306  -0.3587  -0.1501   0.2443
   0.5609   0.7757   1.0408   1.3113   1.5299   1.8866   2.2045   2.5143
     eigenvalues at k+q:
 -16.4259 -15.9304 -15.3569 -14.7879 -14.7557 -14.7251  -5.8404  -4.7581
  -3.5515  -2.8766  -2.7131  -2.1036  -0.5243  -0.3489  -0.1596   0.2466
   0.5511   0.7750   1.0223   1.3143   1.5247   1.8828   2.2188   2.5196
     cgsolve_all iterations  24    anorm=    0.67E-07
     cgsolve_all iterations  24    anorm=    0.63E-07
     cgsolve_all iterations  24    anorm=    0.67E-07
     compute_u_kq: q = (    0.0000,    0.0000,   -0.0074)
     Rotating WFCS
     ethr =  1.00E-14,  avg # of iterations = 13.0
     eigenvalues at k:
 -16.4235 -15.9296 -15.3608 -14.7874 -14.7569 -14.7243  -5.8350  -4.7553
  -3.5688  -2.8769  -2.6949  -2.1153  -0.5306  -0.3587  -0.1501   0.2443
   0.5609   0.7757   1.0408   1.3113   1.5299   1.8866   2.2045   2.5143
     eigenvalues at k+q:
 -16.4209 -15.9289 -15.3651 -14.7871 -14.7583 -14.7236  -5.8290  -4.7523
  -3.5873  -2.8766  -2.6761  -2.1285  -0.5381  -0.3692  -0.1392   0.2436
   0.5693   0.7781   1.0593   1.3095   1.5349   1.8905   2.1888   2.5081
     cgsolve_all iterations  24    anorm=    0.67E-07
     cgsolve_all iterations  24    anorm=    0.68E-07
     cgsolve_all iterations  24    anorm=    0.67E-07
 
     k-point #   14 of    20      pool #  1    cpu time:      35.9
     compute_u_kq: q = (    0.0000,    0.0000,    0.0000)
     Rotating WFCS
     ethr =  1.00E-14,  avg # of iterations =  5.0
     eigenvalues at k:
 -16.3684 -15.9271 -15.4295 -14.8051 -14.7501 -14.7224  -5.7125  -4.7029
  -3.8494  -2.7963  -2.4710  -2.3836  -0.6596  -0.5168   0.0308   0.3639
   0.5348   0.9096   1.2802   1.4634   1.5950   1.8258   1.9843   2.3554
     eigenvalues at k+q:
 -16.3684 -15.9271 -15.4296 -14.8052 -14.7501 -14.7224  -5.7126  -4.7029
  -3.8495  -2.7963  -2.4710  -2.3836  -0.6596  -0.5168   0.0308   0.3638
   0.5348   0.9095   1.2802   1.4633   1.5950   1.8257   1.9842   2.3554
     cgsolve_all iterations  21    anorm=    0.70E-07
PARA_AUG  1      -0.7841105         0.0314679         0.1670207
     cgsolve_all iterations  21    anorm=    0.65E-07
PARA_AUG  2      -0.1933799        -0.8728952        -0.0283356
     cgsolve_all iterations  21    anorm=    0.68E-07
PARA_AUG  3      -0.0476079        -0.1208938        -0.7986545
     cgsolve_all iterations  23    anorm=    0.66E-07
     cgsolve_all iterations  23    anorm=    0.67E-07
     cgsolve_all iterations  23    anorm=    0.62E-07
     compute_u_kq: q = (    0.0074,    0.0000,    0.0000)
     Rotating WFCS
     ethr =  1.00E-14,  avg # of iterations = 13.0
     eigenvalues at k:
 -16.3684 -15.9271 -15.4295 -14.8051 -14.7501 -14.7224  -5.7125  -4.7029
  -3.8494  -2.7963  -2.4710  -2.3836  -0.6596  -0.5168   0.0308   0.3639
   0.5348   0.9096   1.2802   1.4634   1.5950   1.8258   1.9843   2.3554
     eigenvalues at k+q:
 -16.3741 -15.9381 -15.4126 -14.8036 -14.7486 -14.7216  -5.7417  -4.6853
  -3.8380  -2.8022  -2.4767  -2.3782  -0.6550  -0.5184   0.0418   0.3463
   0.5302   0.9291   1.2672   1.4652   1.5935   1.8098   1.9973   2.3671
     cgsolve_all iterations  23    anorm=    0.67E-07
     cgsolve_all iterations  24    anorm=    0.63E-07
     cgsolve_all iterations  23    anorm=    0.63E-07
     compute_u_kq: q = (   -0.0074,    0.0000,    0.0000)
     Rotating WFCS
     ethr =  1.00E-14,  avg # of iterations = 13.0
     eigenvalues at k:
 -16.3684 -15.9271 -15.4295 -14.8051 -14.7501 -14.7224  -5.7125  -4.7029
  -3.8494  -2.7963  -2.4710  -2.3836  -0.6596  -0.5168   0.0308   0.3639
   0.5348   0.9096   1.2802   1.4634   1.5950   1.8258   1.9843   2.3554
     eigenvalues at k+q:
 -16.3632 -15.9171 -15.4447 -14.8065 -14.7515 -14.7232  -5.6858  -4.7189
  -3.8605  -2.7906  -2.4664  -2.3885  -0.6641  -0.5133   0.0199   0.3804
   0.5395   0.8900   1.2931   1.4587   1.5993   1.8419   1.9713   2.3435
     cgsolve_all iterations  23    anorm=    0.68E-07
     cgsolve_all iterations  23    anorm=    0.69E-07
     cgsolve_all iterations  23    anorm=    0.64E-07
     compute_u_kq: q = (    0.0000,    0.0074,    0.0000)
     Rotating WFCS
     ethr =  1.00E-14,  avg # of iterations = 13.0
     eigenvalues at k:
 -16.3684 -15.9271 -15.4295 -14.8051 -14.7501 -14.7224  -5.7125  -4.7029
  -3.8494  -2.7963  -2.4710  -2.3836  -0.6596  -0.5168   0.0308   0.3639
   0.5348   0.9096   1.2802   1.4634   1.5950   1.8258   1.9843   2.3554
     eigenvalues at k+q:
 -16.3688 -15.9251 -15.4321 -14.8058 -14.7491 -14.7217  -5.7130  -4.7082
  -3.8396  -2.8007  -2.4675  -2.3845  -0.6572  -0.5294   0.0421   0.3621
   0.5314   0.9173   1.2776   1.4563   1.5882   1.8352   1.9770   2.3638
     cgsolve_all iterations  23    anorm=    0.68E-07
     cgsolve_all iterations  24    anorm=    0.65E-07
     cgsolve_all iterations  23    anorm=    0.62E-07
     compute_u_kq: q = (    0.0000,   -0.0074,    0.0000)
     Rotating WFCS
     ethr =  1.00E-14,  avg # of iterations = 13.0
     eigenvalues at k:
 -16.3684 -15.9271 -15.4295 -14.8051 -14.7501 -14.7224  -5.7125  -4.7029
  -3.8494  -2.7963  -2.4710  -2.3836  -0.6596  -0.5168   0.0308   0.3639
   0.5348   0.9096   1.2802   1.4634   1.5950   1.8258   1.9843   2.3554
     eigenvalues at k+q:
 -16.3679 -15.9292 -15.4268 -14.8046 -14.7512 -14.7232  -5.7121  -4.6975
  -3.8594  -2.7917  -2.4745  -2.3829  -0.6617  -0.5043   0.0195   0.3649
   0.5395   0.9011   1.2823   1.4696   1.6033   1.8162   1.9919   2.3461
     cgsolve_all iterations  23    anorm=    0.66E-07
     cgsolve_all iterations  23    anorm=    0.67E-07
     cgsolve_all iterations  23    anorm=    0.65E-07
     compute_u_kq: q = (    0.0000,    0.0000,    0.0074)
     Rotating WFCS
     ethr =  1.00E-14,  avg # of iterations = 13.0
     eigenvalues at k:
 -16.3684 -15.9271 -15.4295 -14.8051 -14.7501 -14.7224  -5.7125  -4.7029
  -3.8494  -2.7963  -2.4710  -2.3836  -0.6596  -0.5168   0.0308   0.3639
   0.5348   0.9096   1.2802   1.4634   1.5950   1.8258   1.9843   2.3554
     eigenvalues at k+q:
 -16.3717 -15.9265 -15.4265 -14.8033 -14.7519 -14.7217  -5.7197  -4.7054
  -3.8366  -2.8062  -2.4713  -2.3726  -0.6541  -0.5097   0.0227   0.3521
   0.5409   0.9031   1.2668   1.4521   1.5841   1.8501   1.9835   2.3673
     cgsolve_all iterations  23    anorm=    0.69E-07
     cgsolve_all iterations  24    anorm=    0.65E-07
     cgsolve_all iterations  23    anorm=    0.63E-07
     compute_u_kq: q = (    0.0000,    0.0000,   -0.0074)
     Rotating WFCS
     ethr =  1.00E-14,  avg # of iterations = 13.0
     eigenvalues at k:
 -16.3684 -15.9271 -15.4295 -14.8051 -14.7501 -14.7224  -5.7125  -4.7029
  -3.8494  -2.7963  -2.4710  -2.3836  -0.6596  -0.5168   0.0308   0.3639
   0.5348   0.9096   1.2802   1.4634   1.5950   1.8258   1.9843   2.3554
     eigenvalues at k+q:
 -16.3653 -15.9277 -15.4322 -14.8068 -14.7484 -14.7232  -5.7060  -4.7007
  -3.8610  -2.7860  -2.4760  -2.3897  -0.6644  -0.5231   0.0380   0.3749
   0.5293   0.9147   1.2935   1.4708   1.6098   1.8010   1.9849   2.3440
     cgsolve_all iterations  23    anorm=    0.65E-07
     cgsolve_all iterations  23    anorm=    0.67E-07
     cgsolve_all iterations  23    anorm=    0.64E-07
 
     k-point #   15 of    20      pool #  1    cpu time:      38.9
     compute_u_kq: q = (    0.0000,    0.0000,    0.0000)
     Rotating WFCS
     ethr =  1.00E-14,  avg # of iterations =  5.0
     eigenvalues at k:
 -16.5968 -15.7883 -15.3093 -14.7818 -14.7503 -14.7117  -5.8734  -4.9627
  -3.3589  -2.8687  -2.6924  -2.2847  -0.6214  -0.2360  -0.0334   0.2730
   0.5014   0.9016   1.0136   1.3731   1.5964   1.7581   2.2673   2.4766
     eigenvalues at k+q:
 -16.5968 -15.7883 -15.3093 -14.7818 -14.7504 -14.7117  -5.8734  -4.9628
  -3.3589  -2.8687  -2.6925  -2.2847  -0.6214  -0.2361  -0.0334   0.2730
   0.5013   0.9015   1.0136   1.3730   1.5964   1.7581   2.2672   2.4766
     cgsolve_all iterations  22    anorm=    0.70E-07
PARA_AUG  1      -0.7961100         0.0184833         0.0680229
     cgsolve_all iterations  22    anorm=    0.71E-07
PARA_AUG  2      -0.0870979        -0.8391020         0.0079152
     cgsolve_all iterations  21    anorm=    0.71E-07
PARA_AUG  3       0.0315675        -0.0609819        -0.8549716
     cgsolve_all iterations  24    anorm=    0.64E-07
     cgsolve_all iterations  24    anorm=    0.60E-07
     cgsolve_all iterations  24    anorm=    0.63E-07
     compute_u_kq: q = (    0.0074,    0.0000,    0.0000)
     Rotating WFCS
     ethr =  1.00E-14,  avg # of iterations = 14.0
     eigenvalues at k:
 -16.5968 -15.7883 -15.3093 -14.7818 -14.7503 -14.7117  -5.8734  -4.9627
  -3.3589  -2.8687  -2.6924  -2.2847  -0.6214  -0.2360  -0.0334   0.2730
   0.5014   0.9016   1.0136   1.3731   1.5964   1.7581   2.2673   2.4766
     eigenvalues at k+q:
 -16.5838 -15.7990 -15.3125 -14.7829 -14.7517 -14.7126  -5.8680  -4.9496
  -3.3703  -2.8679  -2.6978  -2.2713  -0.6242  -0.2365  -0.0385   0.2748
   0.5044   0.8928   0.9985   1.3789   1.5954   1.7564   2.2733   2.4744
     cgsolve_all iterations  24    anorm=    0.64E-07
     cgsolve_all iterations  24    anorm=    0.61E-07
     cgsolve_all iterations  24    anorm=    0.64E-07
     compute_u_kq: q = (   -0.0074,    0.0000,    0.0000)
     Rotating WFCS
     ethr =  1.00E-14,  avg # of iterations = 14.0
     eigenvalues at k:
 -16.5968 -15.7883 -15.3093 -14.7818 -14.7503 -14.7117  -5.8734  -4.9627
  -3.3589  -2.8687  -2.6924  -2.2847  -0.6214  -0.2360  -0.0334   0.2730
   0.5014   0.9016   1.0136   1.3731   1.5964   1.7581   2.2673   2.4766
     eigenvalues at k+q:
 -16.6095 -15.7783 -15.3061 -14.7806 -14.7489 -14.7108  -5.8790  -4.9758
  -3.3470  -2.8697  -2.6877  -2.2976  -0.6180  -0.2368  -0.0284   0.2707
   0.4990   0.9106   1.0283   1.3675   1.5979   1.7596   2.2608   2.4789
     cgsolve_all iterations  24    anorm=    0.59E-07
     cgsolve_all iterations  24    anorm=    0.61E-07
     cgsolve_all iterations  24    anorm=    0.63E-07
     compute_u_kq: q = (    0.0000,    0.0074,    0.0000)
     Rotating WFCS
     ethr =  1.00E-14,  avg # of iterations = 13.0
     eigenvalues at k:
 -16.5968 -15.7883 -15.3093 -14.7818 -14.7503 -14.7117  -5.8734  -4.9627
  -3.3589  -2.8687  -2.6924  -2.2847  -0.6214  -0.2360  -0.0334   0.2730
   0.5014   0.9016   1.0136   1.3731   1.5964   1.7581   2.2673   2.4766
     eigenvalues at k+q:
 -16.6119 -15.7783 -15.3023 -14.7809 -14.7492 -14.7107  -5.8787  -4.9834
  -3.3321  -2.8682  -2.6974  -2.3014  -0.6250  -0.2325  -0.0262   0.2795
   0.5040   0.9120   1.0062   1.3846   1.5998   1.7504   2.2700   2.4727
     cgsolve_all iterations  24    anorm=    0.59E-07
     cgsolve_all iterations  24    anorm=    0.61E-07
     cgsolve_all iterations  24    anorm=    0.64E-07
     compute_u_kq: q = (    0.0000,   -0.0074,    0.0000)
     Rotating WFCS
     ethr =  1.00E-14,  avg # of iterations = 13.0
     eigenvalues at k:
 -16.5968 -15.7883 -15.3093 -14.7818 -14.7503 -14.7117  -5.8734  -4.9627
  -3.3589  -2.8687  -2.6924  -2.2847  -0.6214  -0.2360  -0.0334   0.2730
   0.5014   0.9016   1.0136   1.3731   1.5964   1.7581   2.2673   2.4766
     eigenvalues at k+q:
 -16.5812 -15.7991 -15.3163 -14.7826 -14.7515 -14.7127  -5.8687  -4.9404
  -3.3874  -2.8689  -2.6876  -2.2676  -0.6170  -0.2395  -0.0445   0.2698
   0.4991   0.8906   1.0216   1.3599   1.5913   1.7687   2.2638   2.4804
     cgsolve_all iterations  24    anorm=    0.63E-07
     cgsolve_all iterations  24    anorm=    0.60E-07
     cgsolve_all iterations  24    anorm=    0.62E-07
     compute_u_kq: q = (    0.0000,    0.0000,    0.0074)
     Rotating WFCS
     ethr =  1.00E-14,  avg # of iterations = 13.0
     eigenvalues at k:
 -16.5968 -15.7883 -15.3093 -14.7818 -14.7503 -14.7117  -5.8734  -4.9627
  -3.3589  -2.8687  -2.6924  -2.2847  -0.6214  -0.2360  -0.0334   0.2730
   0.5014   0.9016   1.0136   1.3731   1.5964   1.7581   2.2673   2.4766
     eigenvalues at k+q:
 -16.6023 -15.7750 -15.3172 -14.7824 -14.7492 -14.7120  -5.8615  -4.9863
  -3.3352  -2.8716  -2.7104  -2.2750  -0.6140  -0.2455  -0.0283   0.2805
   0.4859   0.8990   1.0173   1.3684   1.5961   1.7536   2.2776   2.4768
     cgsolve_all iterations  24    anorm=    0.61E-07
     cgsolve_all iterations  24    anorm=    0.60E-07
     cgsolve_all iterations  24    anorm=    0.63E-07
     compute_u_kq: q = (    0.0000,    0.0000,   -0.0074)
     Rotating WFCS
     ethr =  1.00E-14,  avg # of iterations = 13.0
     eigenvalues at k:
 -16.5968 -15.7883 -15.3093 -14.7818 -14.7503 -14.7117  -5.8734  -4.9627
  -3.3589  -2.8687  -2.6924  -2.2847  -0.6214  -0.2360  -0.0334   0.2730
   0.5014   0.9016   1.0136   1.3731   1.5964   1.7581   2.2673   2.4766
     eigenvalues at k+q:
 -16.5907 -15.8028 -15.3012 -14.7812 -14.7515 -14.7114  -5.8861  -4.9371
  -3.3839  -2.8664  -2.6733  -2.2952  -0.6283  -0.2271  -0.0394   0.2667
   0.5161   0.9032   1.0124   1.3766   1.5985   1.7619   2.2569   2.4754
     cgsolve_all iterations  24    anorm=    0.64E-07
     cgsolve_all iterations  24    anorm=    0.61E-07
     cgsolve_all iterations  24    anorm=    0.64E-07
 
     k-point #   16 of    20      pool #  1    cpu time:      41.9
     compute_u_kq: q = (    0.0000,    0.0000,    0.0000)
     Rotating WFCS
     ethr =  1.00E-14,  avg # of iterations =  5.0
     eigenvalues at k:
 -16.4408 -16.0592 -15.2006 -14.7887 -14.7440 -14.7124  -6.0487  -4.4816
  -3.7634  -2.8229  -2.5838  -2.3489  -0.6361  -0.3948   0.0730   0.2564
   0.5739   0.9353   1.1498   1.3574   1.6116   1.8573   2.1981   2.3299
     eigenvalues at k+q:
 -16.4408 -16.0592 -15.2006 -14.7887 -14.7440 -14.7124  -6.0487  -4.4816
  -3.7634  -2.8229  -2.5838  -2.3490  -0.6361  -0.3949   0.0730   0.2564
   0.5739   0.9353   1.1498   1.3574   1.6116   1.8573   2.1981   2.3298
     cgsolve_all iterations  22    anorm=    0.68E-07
PARA_AUG  1      -0.8002442        -0.0414494         0.0710867
     cgsolve_all iterations  21    anorm=    0.71E-07
PARA_AUG  2      -0.1438131        -0.7815742         0.0016313
     cgsolve_all iterations  21    anorm=    0.71E-07
PARA_AUG  3      -0.0212026        -0.0785650        -0.8560889
     cgsolve_all iterations  24    anorm=    0.68E-07
     cgsolve_all iterations  24    anorm=    0.65E-07
     cgsolve_all iterations  24    anorm=    0.67E-07
     compute_u_kq: q = (    0.0074,    0.0000,    0.0000)
     Rotating WFCS
     ethr =  1.00E-14,  avg # of iterations = 13.0
     eigenvalues at k:
 -16.4408 -16.0592 -15.2006 -14.7887 -14.7440 -14.7124  -6.0487  -4.4816
  -3.7634  -2.8229  -2.5838  -2.3489  -0.6361  -0.3948   0.0730   0.2564
   0.5739   0.9353   1.1498   1.3574   1.6116   1.8573   2.1981   2.3299
     eigenvalues at k+q:
 -16.4337 -16.0514 -15.2173 -14.7911 -14.7447 -14.7129  -6.0223  -4.4985
  -3.7694  -2.8201  -2.5699  -2.3574  -0.6418  -0.4079   0.0765   0.2634
   0.5762   0.9312   1.1544   1.3626   1.6162   1.8544   2.1877   2.3256
     cgsolve_all iterations  24    anorm=    0.67E-07
     cgsolve_all iterations  24    anorm=    0.66E-07
     cgsolve_all iterations  24    anorm=    0.66E-07
     compute_u_kq: q = (   -0.0074,    0.0000,    0.0000)
     Rotating WFCS
     ethr =  1.00E-14,  avg # of iterations = 13.0
     eigenvalues at k:
 -16.4408 -16.0592 -15.2006 -14.7887 -14.7440 -14.7124  -6.0487  -4.4816
  -3.7634  -2.8229  -2.5838  -2.3489  -0.6361  -0.3948   0.0730   0.2564
   0.5739   0.9353   1.1498   1.3574   1.6116   1.8573   2.1981   2.3299
     eigenvalues at k+q:
 -16.4479 -16.0665 -15.1845 -14.7864 -14.7432 -14.7119  -6.0747  -4.4656
  -3.7566  -2.8261  -2.5975  -2.3404  -0.6301  -0.3823   0.0696   0.2499
   0.5707   0.9403   1.1448   1.3518   1.6065   1.8608   2.2057   2.3367
     cgsolve_all iterations  24    anorm=    0.67E-07
     cgsolve_all iterations  24    anorm=    0.65E-07
     cgsolve_all iterations  24    anorm=    0.69E-07
     compute_u_kq: q = (    0.0000,    0.0074,    0.0000)
     Rotating WFCS
     ethr =  1.00E-14,  avg # of iterations = 13.0
     eigenvalues at k:
 -16.4408 -16.0592 -15.2006 -14.7887 -14.7440 -14.7124  -6.0487  -4.4816
  -3.7634  -2.8229  -2.5838  -2.3489  -0.6361  -0.3948   0.0730   0.2564
   0.5739   0.9353   1.1498   1.3574   1.6116   1.8573   2.1981   2.3299
     eigenvalues at k+q:
 -16.4493 -16.0685 -15.1805 -14.7872 -14.7431 -14.7106  -6.0806  -4.4658
  -3.7476  -2.8311  -2.5956  -2.3433  -0.6314  -0.3838   0.0743   0.2572
   0.5689   0.9422   1.1370   1.3439   1.6024   1.8718   2.2098   2.3354
     cgsolve_all iterations  24    anorm=    0.67E-07
     cgsolve_all iterations  24    anorm=    0.66E-07
     cgsolve_all iterations  24    anorm=    0.69E-07
     compute_u_kq: q = (    0.0000,   -0.0074,    0.0000)
     Rotating WFCS
     ethr =  1.00E-14,  avg # of iterations = 13.0
     eigenvalues at k:
 -16.4408 -16.0592 -15.2006 -14.7887 -14.7440 -14.7124  -6.0487  -4.4816
  -3.7634  -2.8229  -2.5838  -2.3489  -0.6361  -0.3948   0.0730   0.2564
   0.5739   0.9353   1.1498   1.3574   1.6116   1.8573   2.1981   2.3299
     eigenvalues at k+q:
 -16.4322 -16.0493 -15.2211 -14.7903 -14.7451 -14.7142  -6.0159  -4.4980
  -3.7796  -2.8150  -2.5722  -2.3545  -0.6406  -0.4051   0.0692   0.2582
   0.5788   0.9272   1.1633   1.3707   1.6214   1.8425   2.1862   2.3238
     cgsolve_all iterations  24    anorm=    0.67E-07
     cgsolve_all iterations  24    anorm=    0.68E-07
     cgsolve_all iterations  24    anorm=    0.66E-07
     compute_u_kq: q = (    0.0000,    0.0000,    0.0074)
     Rotating WFCS
     ethr =  1.00E-14,  avg # of iterations = 13.0
     eigenvalues at k:
 -16.4408 -16.0592 -15.2006 -14.7887 -14.7440 -14.7124  -6.0487  -4.4816
  -3.7634  -2.8229  -2.5838  -2.3489  -0.6361  -0.3948   0.0730   0.2564
   0.5739   0.9353   1.1498   1.3574   1.6116   1.8573   2.1981   2.3299
     eigenvalues at k+q:
 -16.4532 -16.0420 -15.2049 -14.7876 -14.7459 -14.7118  -6.0415  -4.5111
  -3.7399  -2.8289  -2.5696  -2.3586  -0.6416  -0.3749   0.0578   0.2581
   0.5779   0.9287   1.1403   1.3572   1.6269   1.8342   2.2049   2.3403
     cgsolve_all iterations  24    anorm=    0.69E-07
     cgsolve_all iterations  24    anorm=    0.65E-07
     cgsolve_all iterations  24    anorm=    0.68E-07
     compute_u_kq: q = (    0.0000,    0.0000,   -0.0074)
     Rotating WFCS
     ethr =  1.00E-14,  avg # of iterations = 13.0
     eigenvalues at k:
 -16.4408 -16.0592 -15.2006 -14.7887 -14.7440 -14.7124  -6.0487  -4.4816
  -3.7634  -2.8229  -2.5838  -2.3489  -0.6361  -0.3948   0.0730   0.2564
   0.5739   0.9353   1.1498   1.3574   1.6116   1.8573   2.1981   2.3299
     eigenvalues at k+q:
 -16.4286 -16.0755 -15.1969 -14.7898 -14.7422 -14.7131  -6.0552  -4.4538
  -3.7857  -2.8164  -2.5985  -2.3396  -0.6299  -0.4140   0.0877   0.2539
   0.5694   0.9421   1.1583   1.3584   1.5967   1.8803   2.1878   2.3223
     cgsolve_all iterations  24    anorm=    0.68E-07
     cgsolve_all iterations  24    anorm=    0.66E-07
     cgsolve_all iterations  24    anorm=    0.67E-07
 
     k-point #   17 of    20      pool #  1    cpu time:      45.0
     compute_u_kq: q = (    0.0000,    0.0000,    0.0000)
     Rotating WFCS
     ethr =  1.00E-14,  avg # of iterations =  5.0
     eigenvalues at k:
 -16.8442 -15.6653 -15.1670 -14.7477 -14.7087 -14.6940  -6.0764  -5.1757
  -3.0387  -2.8808  -2.7453  -2.5073  -0.5040  -0.2791  -0.0944   0.2422
   0.7910   1.0704   1.0909   1.3238   1.6514   1.8423   2.2016   2.4327
     eigenvalues at k+q:
 -16.8443 -15.6653 -15.1670 -14.7477 -14.7087 -14.6941  -6.0764  -5.1757
  -3.0387  -2.8808  -2.7454  -2.5073  -0.5040  -0.2791  -0.0944   0.2422
   0.7910   1.0704   1.0909   1.3238   1.6514   1.8422   2.2016   2.4327
     cgsolve_all iterations  22    anorm=    0.65E-07
PARA_AUG  1      -0.4114293        -0.0304153         0.0123785
     cgsolve_all iterations  21    anorm=    0.72E-07
PARA_AUG  2      -0.0136847        -0.3696923         0.0199687
     cgsolve_all iterations  21    anorm=    0.72E-07
PARA_AUG  3       0.0110110         0.0107320        -0.4417268
     cgsolve_all iterations  24    anorm=    0.64E-07
     cgsolve_all iterations  24    anorm=    0.60E-07
     cgsolve_all iterations  24    anorm=    0.61E-07
     compute_u_kq: q = (    0.0074,    0.0000,    0.0000)
     Rotating WFCS
     ethr =  1.00E-14,  avg # of iterations = 15.0
     eigenvalues at k:
 -16.8442 -15.6653 -15.1670 -14.7477 -14.7087 -14.6940  -6.0764  -5.1757
  -3.0387  -2.8808  -2.7453  -2.5073  -0.5040  -0.2791  -0.0944   0.2422
   0.7910   1.0704   1.0909   1.3238   1.6514   1.8423   2.2016   2.4327
     eigenvalues at k+q:
 -16.8438 -15.6654 -15.1673 -14.7478 -14.7089 -14.6940  -6.0758  -5.1755
  -3.0394  -2.8808  -2.7445  -2.5075  -0.5048  -0.2787  -0.0941   0.2430
   0.7901   1.0698   1.0906   1.3240   1.6513   1.8420   2.2017   2.4329
     cgsolve_all iterations  24    anorm=    0.61E-07
     cgsolve_all iterations  24    anorm=    0.60E-07
     cgsolve_all iterations  24    anorm=    0.61E-07
     compute_u_kq: q = (   -0.0074,    0.0000,    0.0000)
     Rotating WFCS
     ethr =  1.00E-14,  avg # of iterations = 15.0
     eigenvalues at k:
 -16.8442 -15.6653 -15.1670 -14.7477 -14.7087 -14.6940  -6.0764  -5.1757
  -3.0387  -2.8808  -2.7453  -2.5073  -0.5040  -0.2791  -0.0944   0.2422
   0.7910   1.0704   1.0909   1.3238   1.6514   1.8423   2.2016   2.4327
     eigenvalues at k+q:
 -16.8438 -15.6654 -15.1673 -14.7478 -14.7089 -14.6940  -6.0758  -5.1755
  -3.0394  -2.8808  -2.7445  -2.5075  -0.5048  -0.2787  -0.0941   0.2430
   0.7901   1.0698   1.0906   1.3240   1.6513   1.8420   2.2017   2.4329
     cgsolve_all iterations  24    anorm=    0.61E-07
     cgsolve_all iterations  24    anorm=    0.60E-07
     cgsolve_all iterations  24    anorm=    0.61E-07
     compute_u_kq: q = (    0.0000,    0.0074,    0.0000)
     Rotating WFCS
     ethr =  1.00E-14,  avg # of iterations = 14.0
     eigenvalues at k:
 -16.8442 -15.6653 -15.1670 -14.7477 -14.7087 -14.6940  -6.0764  -5.1757
  -3.0387  -2.8808  -2.7453  -2.5073  -0.5040  -0.2791  -0.0944   0.2422
   0.7910   1.0704   1.0909   1.3238   1.6514   1.8423   2.2016   2.4327
     eigenvalues at k+q:
 -16.8530 -15.6639 -15.1591 -14.7454 -14.7079 -14.6925  -6.0884  -5.1791
  -3.0262  -2.8809  -2.7570  -2.5089  -0.4970  -0.2792  -0.0986   0.2311
   0.8217   1.0697   1.0887   1.3262   1.6429   1.8574   2.2037   2.4241
     cgsolve_all iterations  24    anorm=    0.63E-07
     cgsolve_all iterations  24    anorm=    0.60E-07
     cgsolve_all iterations  24    anorm=    0.63E-07
     compute_u_kq: q = (    0.0000,   -0.0074,    0.0000)
     Rotating WFCS
     ethr =  1.00E-14,  avg # of iterations = 14.0
     eigenvalues at k:
 -16.8442 -15.6653 -15.1670 -14.7477 -14.7087 -14.6940  -6.0764  -5.1757
  -3.0387  -2.8808  -2.7453  -2.5073  -0.5040  -0.2791  -0.0944   0.2422
   0.7910   1.0704   1.0909   1.3238   1.6514   1.8423   2.2016   2.4327
     eigenvalues at k+q:
 -16.8346 -15.6671 -15.1756 -14.7500 -14.7095 -14.6957  -6.0636  -5.1717
  -3.0517  -2.8809  -2.7346  -2.5041  -0.5113  -0.2779  -0.0904   0.2529
   0.7593   1.0702   1.0928   1.3222   1.6602   1.8259   2.1999   2.4412
     cgsolve_all iterations  24    anorm=    0.65E-07
     cgsolve_all iterations  24    anorm=    0.59E-07
     cgsolve_all iterations  24    anorm=    0.61E-07
     compute_u_kq: q = (    0.0000,    0.0000,    0.0074)
     Rotating WFCS
     ethr =  1.00E-14,  avg # of iterations = 15.0
     eigenvalues at k:
 -16.8442 -15.6653 -15.1670 -14.7477 -14.7087 -14.6940  -6.0764  -5.1757
  -3.0387  -2.8808  -2.7453  -2.5073  -0.5040  -0.2791  -0.0944   0.2422
   0.7910   1.0704   1.0909   1.3238   1.6514   1.8423   2.2016   2.4327
     eigenvalues at k+q:
 -16.8515 -15.6307 -15.1951 -14.7481 -14.7078 -14.6949  -6.0275  -5.2389
  -3.0149  -2.8753  -2.7425  -2.5274  -0.4980  -0.2950  -0.1017   0.2367
   0.8119   1.0699   1.0919   1.3532   1.6517   1.8331   2.2034   2.4167
     cgsolve_all iterations  24    anorm=    0.63E-07
     cgsolve_all iterations  24    anorm=    0.58E-07
     cgsolve_all iterations  24    anorm=    0.63E-07
     compute_u_kq: q = (    0.0000,    0.0000,   -0.0074)
     Rotating WFCS
     ethr =  1.00E-14,  avg # of iterations = 15.0
     eigenvalues at k:
 -16.8442 -15.6653 -15.1670 -14.7477 -14.7087 -14.6940  -6.0764  -5.1757
  -3.0387  -2.8808  -2.7453  -2.5073  -0.5040  -0.2791  -0.0944   0.2422
   0.7910   1.0704   1.0909   1.3238   1.6514   1.8423   2.2016   2.4327
     eigenvalues at k+q:
 -16.8360 -15.7001 -15.1396 -14.7472 -14.7097 -14.6932  -6.1239  -5.1121
  -3.0631  -2.8868  -2.7502  -2.4858  -0.5091  -0.2628  -0.0864   0.2482
   0.7692   1.0693   1.0898   1.2944   1.6471   1.8531   2.2027   2.4476
     cgsolve_all iterations  24    anorm=    0.66E-07
     cgsolve_all iterations  24    anorm=    0.59E-07
     cgsolve_all iterations  24    anorm=    0.61E-07
 
     k-point #   18 of    20      pool #  1    cpu time:      48.1
     compute_u_kq: q = (    0.0000,    0.0000,    0.0000)
     Rotating WFCS
     ethr =  1.00E-14,  avg # of iterations =  5.0
     eigenvalues at k:
 -16.6128 -16.1890 -14.8544 -14.7428 -14.7214 -14.6825  -6.6051  -4.2075
  -3.4690  -2.9796  -2.9183  -2.1903  -0.4232  -0.0767  -0.0637   0.3418
   0.5443   0.8690   0.9878   1.0857   1.4371   2.1288   2.3292   2.4954
     eigenvalues at k+q:
 -16.6128 -16.1890 -14.8544 -14.7428 -14.7214 -14.6825  -6.6051  -4.2075
  -3.4690  -2.9796  -2.9183  -2.1903  -0.4232  -0.0767  -0.0637   0.3418
   0.5443   0.8689   0.9878   1.0857   1.4371   2.1288   2.3292   2.4953
     cgsolve_all iterations  22    anorm=    0.66E-07
PARA_AUG  1      -0.4235679        -0.0471760        -0.0026720
     cgsolve_all iterations  22    anorm=    0.66E-07
PARA_AUG  2      -0.0312380        -0.3620835         0.0135408
     cgsolve_all iterations  22    anorm=    0.69E-07
PARA_AUG  3       0.0101042         0.0077283        -0.4724586
     cgsolve_all iterations  25    anorm=    0.71E-07
     cgsolve_all iterations  25    anorm=    0.69E-07
     cgsolve_all iterations  24    anorm=    0.63E-07
     compute_u_kq: q = (    0.0074,    0.0000,    0.0000)
     Rotating WFCS
     ethr =  1.00E-14,  avg # of iterations = 14.0
     eigenvalues at k:
 -16.6128 -16.1890 -14.8544 -14.7428 -14.7214 -14.6825  -6.6051  -4.2075
  -3.4690  -2.9796  -2.9183  -2.1903  -0.4232  -0.0767  -0.0637   0.3418
   0.5443   0.8690   0.9878   1.0857   1.4371   2.1288   2.3292   2.4954
     eigenvalues at k+q:
 -16.6124 -16.1888 -14.8550 -14.7429 -14.7216 -14.6826  -6.6039  -4.2080
  -3.4699  -2.9792  -2.9173  -2.1907  -0.4240  -0.0776  -0.0633   0.3415
   0.5444   0.8697   0.9870   1.0872   1.4375   2.1281   2.3293   2.4946
     cgsolve_all iterations  25    anorm=    0.72E-07
     cgsolve_all iterations  25    anorm=    0.69E-07
     cgsolve_all iterations  24    anorm=    0.61E-07
     compute_u_kq: q = (   -0.0074,    0.0000,    0.0000)
     Rotating WFCS
     ethr =  1.00E-14,  avg # of iterations = 14.0
     eigenvalues at k:
 -16.6128 -16.1890 -14.8544 -14.7428 -14.7214 -14.6825  -6.6051  -4.2075
  -3.4690  -2.9796  -2.9183  -2.1903  -0.4232  -0.0767  -0.0637   0.3418
   0.5443   0.8690   0.9878   1.0857   1.4371   2.1288   2.3292   2.4954
     eigenvalues at k+q:
 -16.6124 -16.1888 -14.8550 -14.7429 -14.7216 -14.6826  -6.6039  -4.2080
  -3.4699  -2.9792  -2.9173  -2.1907  -0.4240  -0.0776  -0.0633   0.3415
   0.5444   0.8697   0.9870   1.0872   1.4375   2.1281   2.3293   2.4946
     cgsolve_all iterations  25    anorm=    0.72E-07
     cgsolve_all iterations  25    anorm=    0.69E-07
     cgsolve_all iterations  24    anorm=    0.61E-07
     compute_u_kq: q = (    0.0000,    0.0074,    0.0000)
     Rotating WFCS
     ethr =  1.00E-14,  avg # of iterations = 14.0
     eigenvalues at k:
 -16.6128 -16.1890 -14.8544 -14.7428 -14.7214 -14.6825  -6.6051  -4.2075
  -3.4690  -2.9796  -2.9183  -2.1903  -0.4232  -0.0767  -0.0637   0.3418
   0.5443   0.8690   0.9878   1.0857   1.4371   2.1288   2.3292   2.4954
     eigenvalues at k+q:
 -16.6198 -16.1934 -14.8405 -14.7405 -14.7216 -14.6807  -6.6264  -4.1976
  -3.4516  -2.9878  -2.9368  -2.1854  -0.4099  -0.0700  -0.0649   0.3548
   0.5558   0.8539   0.9698   1.0751   1.4287   2.1417   2.3436   2.4933
     cgsolve_all iterations  25    anorm=    0.69E-07
     cgsolve_all iterations  25    anorm=    0.68E-07
     cgsolve_all iterations  24    anorm=    0.61E-07
     compute_u_kq: q = (    0.0000,   -0.0074,    0.0000)
     Rotating WFCS
     ethr =  1.00E-14,  avg # of iterations = 14.0
     eigenvalues at k:
 -16.6128 -16.1890 -14.8544 -14.7428 -14.7214 -14.6825  -6.6051  -4.2075
  -3.4690  -2.9796  -2.9183  -2.1903  -0.4232  -0.0767  -0.0637   0.3418
   0.5443   0.8690   0.9878   1.0857   1.4371   2.1288   2.3292   2.4954
     eigenvalues at k+q:
 -16.6052 -16.1842 -14.8698 -14.7452 -14.7213 -14.6845  -6.5818  -4.2184
  -3.4867  -2.9715  -2.8988  -2.1956  -0.4372  -0.0905  -0.0566   0.3291
   0.5334   0.8840   1.0061   1.0971   1.4462   2.1142   2.3147   2.4968
     cgsolve_all iterations  25    anorm=    0.73E-07
     cgsolve_all iterations  25    anorm=    0.66E-07
     cgsolve_all iterations  24    anorm=    0.63E-07
     compute_u_kq: q = (    0.0000,    0.0000,    0.0074)
     Rotating WFCS
     ethr =  1.00E-14,  avg # of iterations = 14.0
     eigenvalues at k:
 -16.6128 -16.1890 -14.8544 -14.7428 -14.7214 -14.6825  -6.6051  -4.2075
  -3.4690  -2.9796  -2.9183  -2.1903  -0.4232  -0.0767  -0.0637   0.3418
   0.5443   0.8690   0.9878   1.0857   1.4371   2.1288   2.3292   2.4954
     eigenvalues at k+q:
 -16.6343 -16.1569 -14.8666 -14.7423 -14.7213 -14.6830  -6.5857  -4.2663
  -3.4349  -2.9757  -2.9062  -2.2046  -0.4398  -0.0721  -0.0611   0.3324
   0.5499   0.8849   1.0024   1.0852   1.4487   2.1052   2.3246   2.5012
     cgsolve_all iterations  25    anorm=    0.74E-07
     cgsolve_all iterations  25    anorm=    0.65E-07
     cgsolve_all iterations  24    anorm=    0.66E-07
     compute_u_kq: q = (    0.0000,    0.0000,   -0.0074)
     Rotating WFCS
     ethr =  1.00E-14,  avg # of iterations = 13.0
     eigenvalues at k:
 -16.6128 -16.1890 -14.8544 -14.7428 -14.7214 -14.6825  -6.6051  -4.2075
  -3.4690  -2.9796  -2.9183  -2.1903  -0.4232  -0.0767  -0.0637   0.3418
   0.5443   0.8690   0.9878   1.0857   1.4371   2.1288   2.3292   2.4954
     eigenvalues at k+q:
 -16.5906 -16.2206 -14.8434 -14.7437 -14.7215 -14.6820  -6.6222  -4.1500
  -3.5045  -2.9829  -2.9296  -2.1776  -0.4053  -0.0950  -0.0565   0.3528
   0.5385   0.8554   0.9734   1.0863   1.4269   2.1525   2.3316   2.4889
     cgsolve_all iterations  25    anorm=    0.70E-07
     cgsolve_all iterations  25    anorm=    0.66E-07
     cgsolve_all iterations  24    anorm=    0.65E-07
 
     k-point #   19 of    20      pool #  1    cpu time:      51.4
     compute_u_kq: q = (    0.0000,    0.0000,    0.0000)
     Rotating WFCS
     ethr =  1.00E-14,  avg # of iterations =  5.0
     eigenvalues at k:
 -16.5361 -15.8293 -15.3418 -14.7830 -14.7416 -14.7247  -5.8469  -4.9244
  -3.3585  -2.9086  -2.7148  -2.1938  -0.5719  -0.2511  -0.0988   0.1033
   0.5713   0.8674   1.0663   1.4058   1.5110   1.8362   2.1919   2.5223
     eigenvalues at k+q:
 -16.5361 -15.8293 -15.3418 -14.7830 -14.7416 -14.7247  -5.8469  -4.9245
  -3.3585  -2.9086  -2.7148  -2.1939  -0.5720  -0.2511  -0.0988   0.1033
   0.5713   0.8673   1.0663   1.4057   1.5110   1.8362   2.1919   2.5223
     cgsolve_all iterations  22    anorm=    0.70E-07
PARA_AUG  1      -0.4504483        -0.0469687         0.0138459
     cgsolve_all iterations  22    anorm=    0.71E-07
PARA_AUG  2       0.0715164        -0.3758941         0.0631528
     cgsolve_all iterations  22    anorm=    0.62E-07
PARA_AUG  3      -0.0292714         0.0348149        -0.4259034
     cgsolve_all iterations  24    anorm=    0.64E-07
     cgsolve_all iterations  24    anorm=    0.67E-07
     cgsolve_all iterations  24    anorm=    0.63E-07
     compute_u_kq: q = (    0.0074,    0.0000,    0.0000)
     Rotating WFCS
     ethr =  1.00E-14,  avg # of iterations = 14.0
     eigenvalues at k:
 -16.5361 -15.8293 -15.3418 -14.7830 -14.7416 -14.7247  -5.8469  -4.9244
  -3.3585  -2.9086  -2.7148  -2.1938  -0.5719  -0.2511  -0.0988   0.1033
   0.5713   0.8674   1.0663   1.4058   1.5110   1.8362   2.1919   2.5223
     eigenvalues at k+q:
 -16.5357 -15.8297 -15.3420 -14.7830 -14.7418 -14.7246  -5.8470  -4.9234
  -3.3605  -2.9081  -2.7143  -2.1936  -0.5718  -0.2514  -0.0996   0.1049
   0.5707   0.8670   1.0668   1.4037   1.5119   1.8366   2.1920   2.5222
     cgsolve_all iterations  24    anorm=    0.61E-07
     cgsolve_all iterations  24    anorm=    0.68E-07
     cgsolve_all iterations  24    anorm=    0.63E-07
     compute_u_kq: q = (   -0.0074,    0.0000,    0.0000)
     Rotating WFCS
     ethr =  1.00E-14,  avg # of iterations = 14.0
     eigenvalues at k:
 -16.5361 -15.8293 -15.3418 -14.7830 -14.7416 -14.7247  -5.8469  -4.9244
  -3.3585  -2.9086  -2.7148  -2.1938  -0.5719  -0.2511  -0.0988   0.1033
   0.5713   0.8674   1.0663   1.4058   1.5110   1.8362   2.1919   2.5223
     eigenvalues at k+q:
 -16.5357 -15.8297 -15.3420 -14.7830 -14.7418 -14.7246  -5.8470  -4.9234
  -3.3605  -2.9081  -2.7143  -2.1936  -0.5718  -0.2514  -0.0996   0.1049
   0.5707   0.8670   1.0668   1.4037   1.5119   1.8366   2.1920   2.5222
     cgsolve_all iterations  24    anorm=    0.61E-07
     cgsolve_all iterations  24    anorm=    0.68E-07
     cgsolve_all iterations  24    anorm=    0.63E-07
     compute_u_kq: q = (    0.0000,    0.0074,    0.0000)
     Rotating WFCS
     ethr =  1.00E-14,  avg # of iterations = 13.0
     eigenvalues at k:
 -16.5361 -15.8293 -15.3418 -14.7830 -14.7416 -14.7247  -5.8469  -4.9244
  -3.3585  -2.9086  -2.7148  -2.1938  -0.5719  -0.2511  -0.0988   0.1033
   0.5713   0.8674   1.0663   1.4058   1.5110   1.8362   2.1919   2.5223
     eigenvalues at k+q:
 -16.5549 -15.8132 -15.3380 -14.7819 -14.7392 -14.7242  -5.8528  -4.9432
  -3.3418  -2.9084  -2.7120  -2.2109  -0.5760  -0.2254  -0.1082   0.1048
   0.5639   0.8865   1.0733   1.4051   1.5108   1.8336   2.1900   2.5221
     cgsolve_all iterations  24    anorm=    0.60E-07
     cgsolve_all iterations  24    anorm=    0.63E-07
     cgsolve_all iterations  24    anorm=    0.63E-07
     compute_u_kq: q = (    0.0000,   -0.0074,    0.0000)
     Rotating WFCS
     ethr =  1.00E-14,  avg # of iterations = 14.0
     eigenvalues at k:
 -16.5361 -15.8293 -15.3418 -14.7830 -14.7416 -14.7247  -5.8469  -4.9244
  -3.3585  -2.9086  -2.7148  -2.1938  -0.5719  -0.2511  -0.0988   0.1033
   0.5713   0.8674   1.0663   1.4058   1.5110   1.8362   2.1919   2.5223
     eigenvalues at k+q:
 -16.5178 -15.8456 -15.3449 -14.7840 -14.7439 -14.7252  -5.8418  -4.9063
  -3.3745  -2.9085  -2.7178  -2.1782  -0.5670  -0.2775  -0.0909   0.1057
   0.5784   0.8479   1.0584   1.4053   1.5142   1.8371   2.1946   2.5220
     cgsolve_all iterations  24    anorm=    0.63E-07
     cgsolve_all iterations  24    anorm=    0.67E-07
     cgsolve_all iterations  24    anorm=    0.63E-07
     compute_u_kq: q = (    0.0000,    0.0000,    0.0074)
     Rotating WFCS
     ethr =  1.00E-14,  avg # of iterations = 13.0
     eigenvalues at k:
 -16.5361 -15.8293 -15.3418 -14.7830 -14.7416 -14.7247  -5.8469  -4.9244
  -3.3585  -2.9086  -2.7148  -2.1938  -0.5719  -0.2511  -0.0988   0.1033
   0.5713   0.8674   1.0663   1.4058   1.5110   1.8362   2.1919   2.5223
     eigenvalues at k+q:
 -16.5405 -15.8230 -15.3422 -14.7838 -14.7415 -14.7249  -5.8415  -4.9402
  -3.3321  -2.9103  -2.7373  -2.1855  -0.5700  -0.2397  -0.1113   0.1148
   0.5647   0.8602   1.0524   1.4108   1.5125   1.8236   2.2120   2.5206
     cgsolve_all iterations  24    anorm=    0.61E-07
     cgsolve_all iterations  24    anorm=    0.69E-07
     cgsolve_all iterations  24    anorm=    0.63E-07
     compute_u_kq: q = (    0.0000,    0.0000,   -0.0074)
     Rotating WFCS
     ethr =  1.00E-14,  avg # of iterations = 13.0
     eigenvalues at k:
 -16.5361 -15.8293 -15.3418 -14.7830 -14.7416 -14.7247  -5.8469  -4.9244
  -3.3585  -2.9086  -2.7148  -2.1938  -0.5719  -0.2511  -0.0988   0.1033
   0.5713   0.8674   1.0663   1.4058   1.5110   1.8362   2.1919   2.5223
     eigenvalues at k+q:
 -16.5312 -15.8366 -15.3411 -14.7823 -14.7418 -14.7243  -5.8527  -4.9071
  -3.3857  -2.9071  -2.6918  -2.2034  -0.5749  -0.2644  -0.0839   0.0941
   0.5758   0.8762   1.0797   1.4023   1.5093   1.8484   2.1710   2.5231
     cgsolve_all iterations  24    anorm=    0.63E-07
     cgsolve_all iterations  24    anorm=    0.68E-07
     cgsolve_all iterations  24    anorm=    0.62E-07
 
     k-point #   20 of    20      pool #  1    cpu time:      54.5
     compute_u_kq: q = (    0.0000,    0.0000,    0.0000)
     Rotating WFCS
     ethr =  1.00E-14,  avg # of iterations =  5.0
     eigenvalues at k:
 -16.4158 -16.0017 -15.3053 -14.7940 -14.7371 -14.7148  -5.9282  -4.5838
  -3.7500  -2.8515  -2.5201  -2.3388  -0.6272  -0.5087   0.1343   0.2293
   0.4913   1.0494   1.1954   1.4128   1.6053   1.7515   2.0558   2.4456
     eigenvalues at k+q:
 -16.4158 -16.0017 -15.3054 -14.7940 -14.7372 -14.7149  -5.9283  -4.5838
  -3.7500  -2.8516  -2.5202  -2.3389  -0.6273  -0.5088   0.1343   0.2293
   0.4913   1.0494   1.1954   1.4127   1.6052   1.7514   2.0558   2.4455
     cgsolve_all iterations  21    anorm=    0.66E-07
PARA_AUG  1      -0.4543729        -0.0679745         0.0143561
     cgsolve_all iterations  21    anorm=    0.66E-07
PARA_AUG  2       0.0491918        -0.3490828         0.0732529
     cgsolve_all iterations  21    anorm=    0.66E-07
PARA_AUG  3      -0.0465295         0.0099219        -0.4151951
     cgsolve_all iterations  24    anorm=    0.62E-07
     cgsolve_all iterations  23    anorm=    0.69E-07
     cgsolve_all iterations  24    anorm=    0.63E-07
     compute_u_kq: q = (    0.0074,    0.0000,    0.0000)
     Rotating WFCS
     ethr =  1.00E-14,  avg # of iterations = 14.0
     eigenvalues at k:
 -16.4158 -16.0017 -15.3053 -14.7940 -14.7371 -14.7148  -5.9282  -4.5838
  -3.7500  -2.8515  -2.5201  -2.3388  -0.6272  -0.5087   0.1343   0.2293
   0.4913   1.0494   1.1954   1.4128   1.6053   1.7515   2.0558   2.4456
     eigenvalues at k+q:
 -16.4156 -16.0015 -15.3058 -14.7940 -14.7373 -14.7149  -5.9273  -4.5840
  -3.7511  -2.8509  -2.5201  -2.3391  -0.6275  -0.5083   0.1325   0.2308
   0.4919   1.0481   1.1957   1.4134   1.6059   1.7513   2.0558   2.4446
     cgsolve_all iterations  24    anorm=    0.62E-07
     cgsolve_all iterations  23    anorm=    0.69E-07
     cgsolve_all iterations  24    anorm=    0.63E-07
     compute_u_kq: q = (   -0.0074,    0.0000,    0.0000)
     Rotating WFCS
     ethr =  1.00E-14,  avg # of iterations = 14.0
     eigenvalues at k:
 -16.4158 -16.0017 -15.3053 -14.7940 -14.7371 -14.7148  -5.9282  -4.5838
  -3.7500  -2.8515  -2.5201  -2.3388  -0.6272  -0.5087   0.1343   0.2293
   0.4913   1.0494   1.1954   1.4128   1.6053   1.7515   2.0558   2.4456
     eigenvalues at k+q:
 -16.4156 -16.0015 -15.3058 -14.7940 -14.7373 -14.7149  -5.9273  -4.5840
  -3.7511  -2.8509  -2.5201  -2.3391  -0.6275  -0.5083   0.1325   0.2308
   0.4919   1.0481   1.1957   1.4134   1.6059   1.7513   2.0558   2.4446
     cgsolve_all iterations  24    anorm=    0.62E-07
     cgsolve_all iterations  23    anorm=    0.69E-07
     cgsolve_all iterations  24    anorm=    0.63E-07
     compute_u_kq: q = (    0.0000,    0.0074,    0.0000)
     Rotating WFCS
     ethr =  1.00E-14,  avg # of iterations = 14.0
     eigenvalues at k:
 -16.4158 -16.0017 -15.3053 -14.7940 -14.7371 -14.7148  -5.9282  -4.5838
  -3.7500  -2.8515  -2.5201  -2.3388  -0.6272  -0.5087   0.1343   0.2293
   0.4913   1.0494   1.1954   1.4128   1.6053   1.7515   2.0558   2.4456
     eigenvalues at k+q:
 -16.4246 -16.0152 -15.2809 -14.7914 -14.7358 -14.7142  -5.9652  -4.5593
  -3.7418  -2.8561  -2.5349  -2.3306  -0.6244  -0.4897   0.1397   0.2126
   0.4888   1.0562   1.1858   1.3989   1.6183   1.7443   2.0701   2.4509
     cgsolve_all iterations  24    anorm=    0.61E-07
     cgsolve_all iterations  23    anorm=    0.66E-07
     cgsolve_all iterations  24    anorm=    0.65E-07
     compute_u_kq: q = (    0.0000,   -0.0074,    0.0000)
     Rotating WFCS
     ethr =  1.00E-14,  avg # of iterations = 14.0
     eigenvalues at k:
 -16.4158 -16.0017 -15.3053 -14.7940 -14.7371 -14.7148  -5.9282  -4.5838
  -3.7500  -2.8515  -2.5201  -2.3388  -0.6272  -0.5087   0.1343   0.2293
   0.4913   1.0494   1.1954   1.4128   1.6053   1.7515   2.0558   2.4456
     eigenvalues at k+q:
 -16.4077 -15.9883 -15.3289 -14.7965 -14.7384 -14.7154  -5.8928  -4.6078
  -3.7575  -2.8471  -2.5067  -2.3469  -0.6291  -0.5266   0.1286   0.2466
   0.4942   1.0405   1.2050   1.4250   1.5898   1.7633   2.0414   2.4401
     cgsolve_all iterations  24    anorm=    0.64E-07
     cgsolve_all iterations  23    anorm=    0.68E-07
     cgsolve_all iterations  23    anorm=    0.64E-07
     compute_u_kq: q = (    0.0000,    0.0000,    0.0074)
     Rotating WFCS
     ethr =  1.00E-14,  avg # of iterations = 13.0
     eigenvalues at k:
 -16.4158 -16.0017 -15.3053 -14.7940 -14.7371 -14.7148  -5.9282  -4.5838
  -3.7500  -2.8515  -2.5201  -2.3388  -0.6272  -0.5087   0.1343   0.2293
   0.4913   1.0494   1.1954   1.4128   1.6053   1.7515   2.0558   2.4456
     eigenvalues at k+q:
 -16.4247 -15.9897 -15.3084 -14.7923 -14.7380 -14.7152  -5.9250  -4.6045
  -3.7300  -2.8585  -2.5132  -2.3392  -0.6277  -0.4932   0.1272   0.2087
   0.5001   1.0419   1.1913   1.4189   1.5861   1.7668   2.0550   2.4545
     cgsolve_all iterations  24    anorm=    0.58E-07
     cgsolve_all iterations  23    anorm=    0.65E-07
     cgsolve_all iterations  24    anorm=    0.63E-07
     compute_u_kq: q = (    0.0000,    0.0000,   -0.0074)
     Rotating WFCS
     ethr =  1.00E-14,  avg # of iterations = 13.0
     eigenvalues at k:
 -16.4158 -16.0017 -15.3053 -14.7940 -14.7371 -14.7148  -5.9282  -4.5838
  -3.7500  -2.8515  -2.5201  -2.3388  -0.6272  -0.5087   0.1343   0.2293
   0.4913   1.0494   1.1954   1.4128   1.6053   1.7515   2.0558   2.4456
     eigenvalues at k+q:
 -16.4073 -16.0131 -15.3025 -14.7957 -14.7364 -14.7145  -5.9311  -4.5646
  -3.7685  -2.8443  -2.5290  -2.3374  -0.6257  -0.5237   0.1407   0.2490
   0.4833   1.0554   1.1987   1.4064   1.6202   1.7427   2.0552   2.4366
     cgsolve_all iterations  24    anorm=    0.64E-07
     cgsolve_all iterations  23    anorm=    0.69E-07
     cgsolve_all iterations  23    anorm=    0.65E-07
 
     End of magnetic susceptibility calculation
 
     f-sum rule (1st term):
           -44.7619          0.0000          0.0000
             0.0000        -44.7614          0.0000
             0.0000          0.0000        -44.7652

     f-sum rule (2nd term):
            -1.2669          0.0000          0.0000
             0.0000         -1.2669          0.0000
             0.0000         -0.0000         -1.2635

     f-sum rule (should be   -46.0861):
           -46.0288          0.0000          0.0000
             0.0000        -46.0283          0.0000
             0.0000          0.0000        -46.0287

     chi_bare pGv (HH) in paratec units:
       -13.668429      0.038656     -0.514517
         0.005943    -13.682121     -0.015896
        -0.529044      0.006195    -13.737377

       -13.668429      0.000000      0.000000
         0.000000    -13.682121     -0.015896
         0.000000      0.006195    -13.737377

     chi_bare vGv (VV) in paratec units:
       -13.112551      0.005618     -0.284772
         0.005571    -13.121850     -0.003053
        -0.284863     -0.003122    -13.179518

       -13.112551      0.000000      0.000000
         0.000000    -13.121850     -0.003053
         0.000000     -0.003122    -13.179518

     chi_bare pGv (HH) in 10^{-6} cm^3/mol:
           -64.9537          0.0000          0.0000
             0.0000        -65.0187         -0.0755
             0.0000          0.0294        -65.2813

     chi_bare vGv (VV) in 10^{-6} cm^3/mol:
           -62.3121          0.0000          0.0000
             0.0000        -62.3563         -0.0145
             0.0000         -0.0148        -62.6303

     Contributions to the NMR chemical shifts: -------------------------------
 
     Macroscopic shape contribution in ppm:                    8.02
             8.0014          0.0000          0.0000
             0.0000          8.0094          0.0000
             0.0000          0.0000          8.0418

 
     Core contribution in ppm:
 
     Atom  1  Si  pos: (  0.470100 -0.814241  0.733333)  core sigma:         837.91
     Atom  2  Si  pos: (  0.470100  0.814241  1.466667)  core sigma:         837.91
     Atom  3  Si  pos: ( -0.940200  0.000000  0.000000)  core sigma:         837.91
     Atom  4  O   pos: (  0.681300 -0.253747  0.471680)  core sigma:         271.07
     Atom  5  O   pos: ( -0.120900  0.716899  1.205013)  core sigma:         271.07
     Atom  6  O   pos: ( -0.560400 -0.463152  1.938347)  core sigma:         271.07
     Atom  7  O   pos: (  0.681300  0.253747 -0.471680)  core sigma:         271.07
     Atom  8  O   pos: ( -0.120900 -0.716899  0.994987)  core sigma:         271.07
     Atom  9  O   pos: ( -0.560400  0.463152  0.261653)  core sigma:         271.07
 
     Bare contribution in ppm:
 
     Atom  1  Si  pos: (  0.470100 -0.814241  0.733333)  bare sigma:         -28.78
           -28.1696          1.3003          0.2925
             1.3003        -29.6709          0.1690
            -0.8868         -0.5119        -28.4979

     Atom  2  Si  pos: (  0.470100  0.814241  1.466667)  bare sigma:         -28.78
           -28.1696         -1.3003         -0.2925
            -1.3003        -29.6709          0.1690
             0.8868         -0.5119        -28.4979

     Atom  3  Si  pos: ( -0.940200  0.000000  0.000000)  bare sigma:         -28.78
           -30.4232          0.0000         -0.0000
             0.0000        -27.4182         -0.3377
             0.0000          1.0245        -28.4971

     Atom  4  O   pos: (  0.681300 -0.253747  0.471680)  bare sigma:          64.07
            60.2313          6.9032         -6.0725
             6.5993         67.4257         -8.2672
            -6.3359         -8.0641         64.5633

     Atom  5  O   pos: ( -0.120900  0.716899  1.205013)  bare sigma:          64.07
            71.4833         -0.1024         10.1927
            -0.4066         56.1705         -1.1342
            10.1406         -1.4630         64.5571

     Atom  6  O   pos: ( -0.560400 -0.463152  1.938347)  bare sigma:          64.07
            59.7907         -6.3448         -4.1196
            -6.6472         67.8601          9.3876
            -3.8107          9.5102         64.5600

     Atom  7  O   pos: (  0.681300  0.253747 -0.471680)  bare sigma:          64.07
            60.2313         -6.9032          6.0725
            -6.5993         67.4257         -8.2672
             6.3359         -8.0641         64.5633

     Atom  8  O   pos: ( -0.120900 -0.716899  0.994987)  bare sigma:          64.07
            71.4833          0.1024        -10.1927
             0.4066         56.1705         -1.1342
           -10.1406         -1.4630         64.5571

     Atom  9  O   pos: ( -0.560400  0.463152  0.261653)  bare sigma:          64.07
            59.7907          6.3448          4.1196
             6.6472         67.8601          9.3876
             3.8107          9.5102         64.5600

     Diamagnetic contribution in ppm:
 
     Atom  1  Si  pos: (  0.470100 -0.814241  0.733333)  dia sigma:           5.44
             5.4375         -0.0120          0.0034
            -0.0120          5.4513          0.0020
             0.0034          0.0020          5.4389

     Atom  2  Si  pos: (  0.470100  0.814241  1.466667)  dia sigma:           5.44
             5.4375          0.0120         -0.0034
             0.0120          5.4513          0.0020
            -0.0034          0.0020          5.4389

     Atom  3  Si  pos: ( -0.940200  0.000000  0.000000)  dia sigma:           5.44
             5.4582          0.0000          0.0000
             0.0000          5.4306         -0.0039
             0.0000         -0.0039          5.4389

     Atom  4  O   pos: (  0.681300 -0.253747  0.471680)  dia sigma:          17.70
            17.6026          0.1956         -0.2226
             0.1956         17.7910         -0.2480
            -0.2226         -0.2480         17.7068

     Atom  5  O   pos: ( -0.120900  0.716899  1.205013)  dia sigma:          17.70
            17.9133         -0.0162          0.3261
            -0.0162         17.4804         -0.0688
             0.3261         -0.0688         17.7068

     Atom  6  O   pos: ( -0.560400 -0.463152  1.938347)  dia sigma:          17.70
            17.5745         -0.1794         -0.1035
            -0.1794         17.8192          0.3168
            -0.1035          0.3168         17.7068

     Atom  7  O   pos: (  0.681300  0.253747 -0.471680)  dia sigma:          17.70
            17.6026         -0.1956          0.2226
            -0.1956         17.7910         -0.2480
             0.2226         -0.2480         17.7068

     Atom  8  O   pos: ( -0.120900 -0.716899  0.994987)  dia sigma:          17.70
            17.9133          0.0162         -0.3261
             0.0162         17.4804         -0.0688
            -0.3261         -0.0688         17.7068

     Atom  9  O   pos: ( -0.560400  0.463152  0.261653)  dia sigma:          17.70
            17.5745          0.1794          0.1035
             0.1794         17.8192          0.3168
             0.1035          0.3168         17.7068

     Paramagnetic contribution in ppm:
 
     Atom  1  Si  pos: (  0.470100 -0.814241  0.733333)  para sigma:        -366.67
          -365.5503          0.2544          4.5726
             0.2529       -365.8585          2.6334
            -9.8516         -5.6892       -368.6127

     Atom  2  Si  pos: (  0.470100  0.814241  1.466667)  para sigma:        -366.67
          -365.5503         -0.2544         -4.5726
            -0.2529       -365.8585          2.6334
             9.8516         -5.6892       -368.6127

     Atom  3  Si  pos: ( -0.940200  0.000000  0.000000)  para sigma:        -366.67
          -366.0025          0.0000          0.0000
             0.0000       -365.4032         -5.2774
             0.0000         11.3807       -368.6093

     Atom  4  O   pos: (  0.681300 -0.253747  0.471680)  para sigma:          -7.13
           -16.2830         18.2470        -17.1323
            17.6323          0.8783        -22.5726
           -17.5377        -22.1219         -5.9964

     Atom  5  O   pos: ( -0.120900  0.716899  1.205013)  para sigma:          -7.14
            12.1474         -1.2166         28.1070
            -1.8317        -27.5631         -3.5719
            27.9012         -4.1474         -6.0125

     Atom  6  O   pos: ( -0.560400 -0.463152  1.938347)  para sigma:          -7.14
           -18.9227        -16.1086        -10.9738
           -16.7198          3.5048         26.1112
           -10.3774         26.2286         -6.0035

     Atom  7  O   pos: (  0.681300  0.253747 -0.471680)  para sigma:          -7.13
           -16.2830        -18.2470         17.1323
           -17.6323          0.8783        -22.5726
            17.5377        -22.1219         -5.9964

     Atom  8  O   pos: ( -0.120900 -0.716899  0.994987)  para sigma:          -7.14
            12.1474          1.2166        -28.1070
             1.8317        -27.5631         -3.5719
           -27.9012         -4.1474         -6.0125

     Atom  9  O   pos: ( -0.560400  0.463152  0.261653)  para sigma:          -7.14
           -18.9227         16.1086         10.9738
            16.7198          3.5048         26.1112
            10.3774         26.2286         -6.0035

     Paramagnetic US occ-occ contribution in ppm:
 
     Atom  1  Si  pos: (  0.470100 -0.814241  0.733333)  para_oo sigma:         -11.08
           -11.3446         -0.5193         -0.0459
            -0.5187        -10.7449         -0.0262
             0.2864          0.1655        -11.1608

     Atom  2  Si  pos: (  0.470100  0.814241  1.466667)  para_oo sigma:         -11.08
           -11.3446          0.5193          0.0459
             0.5187        -10.7449         -0.0262
            -0.2864          0.1655        -11.1608

     Atom  3  Si  pos: ( -0.940200  0.000000  0.000000)  para_oo sigma:         -11.08
           -10.4461          0.0000          0.0000
             0.0000        -11.6449          0.0527
             0.0000         -0.3305        -11.1616

     Atom  4  O   pos: (  0.681300 -0.253747  0.471680)  para_oo sigma:          -1.70
            -1.7000          0.0505          0.0197
            -0.0083         -1.7142          0.0153
             0.0201          0.0149         -1.7004

     Atom  5  O   pos: ( -0.120900  0.716899  1.205013)  para_oo sigma:          -1.70
            -1.6933          0.0126         -0.0228
            -0.0464         -1.7202          0.0098
            -0.0223          0.0105         -1.6999

     Atom  6  O   pos: ( -0.560400 -0.463152  1.938347)  para_oo sigma:          -1.70
            -1.7295          0.0254          0.0032
            -0.0336         -1.6847         -0.0244
             0.0025         -0.0245         -1.7006

     Atom  7  O   pos: (  0.681300  0.253747 -0.471680)  para_oo sigma:          -1.70
            -1.7000         -0.0505         -0.0197
             0.0083         -1.7142          0.0153
            -0.0201          0.0149         -1.7004

     Atom  8  O   pos: ( -0.120900 -0.716899  0.994987)  para_oo sigma:          -1.70
            -1.6933         -0.0126          0.0228
             0.0464         -1.7202          0.0098
             0.0223          0.0105         -1.6999

     Atom  9  O   pos: ( -0.560400  0.463152  0.261653)  para_oo sigma:          -1.70
            -1.7295         -0.0254         -0.0032
             0.0336         -1.6847         -0.0244
            -0.0025         -0.0245         -1.7006

     Paramagnetic US L_R Q_R contribution in ppm:
 
     Atom  1  Si  pos: (  0.470100 -0.814241  0.733333)  para_lq sigma:         -13.51
           -13.7596         -0.4409          1.3539
            -0.4406        -13.2501          0.7818
            -0.8596         -0.4959        -13.5224

     Atom  2  Si  pos: (  0.470100  0.814241  1.466667)  para_lq sigma:         -13.51
           -13.7596          0.4409         -1.3539
             0.4406        -13.2501          0.7818
             0.8596         -0.4959        -13.5224

     Atom  3  Si  pos: ( -0.940200  0.000000  0.000000)  para_lq sigma:         -13.51
           -12.9962          0.0000          0.0000
             0.0000        -14.0141         -1.5632
             0.0000          0.9925        -13.5230

     Atom  4  O   pos: (  0.681300 -0.253747  0.471680)  para_lq sigma:        -128.73
          -127.5485         -2.8839          3.3258
            -2.8334       -129.9382          3.1733
             3.1147          3.2388       -128.7180

     Atom  5  O   pos: ( -0.120900  0.716899  1.205013)  para_lq sigma:        -128.73
          -131.8137          0.3705         -4.4111
             0.4211       -125.6719          1.2939
            -4.3622          1.0782       -128.7174

     Atom  6  O   pos: ( -0.560400 -0.463152  1.938347)  para_lq sigma:        -128.73
          -126.8628          2.4373          1.0849
             2.4881       -130.6239         -4.4670
             1.2474         -4.3168       -128.7182

     Atom  7  O   pos: (  0.681300  0.253747 -0.471680)  para_lq sigma:        -128.73
          -127.5485          2.8839         -3.3258
             2.8334       -129.9382          3.1733
            -3.1147          3.2388       -128.7180

     Atom  8  O   pos: ( -0.120900 -0.716899  0.994987)  para_lq sigma:        -128.73
          -131.8137         -0.3705          4.4111
            -0.4211       -125.6719          1.2939
             4.3622          1.0782       -128.7174

     Atom  9  O   pos: ( -0.560400  0.463152  0.261653)  para_lq sigma:        -128.73
          -126.8628         -2.4373         -1.0849
            -2.4881       -130.6239         -4.4670
            -1.2474         -4.3168       -128.7182

 
     Total NMR chemical shifts in ppm: -------------------------------------------------
     (adopting the Simpson convention for anisotropy and asymmetry on a shielding scale)
 
     Atom  1  Si  pos: (  0.470100 -0.814241  0.733333)  Total sigma:         431.33
           432.5275          0.5825          6.1764
             0.5820        431.8490          3.5599
           -11.3082         -6.5295        429.5996

     Si      1    anisotropy:     -3.48    eta:    0.8913
     Si      1    sigma_xx=    434.61    axis=( -0.745649 -0.430179  0.508875)
     Si      1    sigma_yy=    431.51    axis=( -0.500257  0.865876 -0.001051)
     Si      1    sigma_zz=    427.85    axis=(  0.440171  0.255352  0.860840)
 
     Atom  2  Si  pos: (  0.470100  0.814241  1.466667)  Total sigma:         431.33
           432.5275         -0.5825         -6.1764
            -0.5820        431.8490          3.5599
            11.3082         -6.5295        429.5996

     Si      2    anisotropy:     -3.48    eta:    0.8913
     Si      2    sigma_xx=    434.61    axis=(  0.745649 -0.430179  0.508875)
     Si      2    sigma_yy=    431.51    axis=( -0.500257 -0.865876  0.001051)
     Si      2    sigma_zz=    427.85    axis=( -0.440171  0.255352  0.860840)
 
     Atom  3  Si  pos: ( -0.940200  0.000000  0.000000)  Total sigma:         431.33
           431.5044          0.0000         -0.0000
             0.0000        432.8722         -7.1295
             0.0000         13.0633        429.6022

     Si      3    anisotropy:     -3.48    eta:    0.8975
     Si      3    sigma_xx=    434.62    axis=( -0.000000  0.861001  0.508603)
     Si      3    sigma_yy=    431.50    axis=(  1.000000  0.000000  0.000000)
     Si      3    sigma_zz=    427.85    axis=( -0.000000  0.508603 -0.861001)
 
     Atom  4  O   pos: (  0.681300 -0.253747  0.471680)  Total sigma:         223.29
           211.3788         22.5124        -20.0820
            21.5855        233.5269        -27.8993
           -20.9615        -27.1804        224.9719

     O       4    anisotropy:     48.76    eta:    0.1108
     O       4    sigma_xx=    196.21    axis=(  0.876480 -0.192079  0.441462)
     O       4    sigma_yy=    201.61    axis=( -0.184997  0.712193  0.677168)
     O       4    sigma_zz=    272.05    axis=( -0.444476 -0.675194  0.588689)
 
     Atom  5  O   pos: ( -0.120900  0.716899  1.205013)  Total sigma:         223.28
           247.1133         -0.9521         34.1919
            -1.8799        197.7799         -3.4711
            33.9833         -4.5905        224.9508

     O       5    anisotropy:     48.76    eta:    0.1127
     O       5    sigma_xx=    196.15    axis=( -0.270772  0.856024  0.440347)
     O       5    sigma_yy=    201.65    axis=( -0.524491 -0.514765  0.678178)
     O       5    sigma_zz=    272.04    axis=(  0.807212 -0.047327  0.588361)
 
     Atom  6  O   pos: ( -0.560400 -0.463152  1.938347)  Total sigma:         223.28
           208.9265        -20.1701        -14.1089
           -21.0918        235.9598         31.3242
           -13.0416         31.7143        224.9612

     O       6    anisotropy:     48.73    eta:    0.1120
     O       6    sigma_xx=    196.19    axis=( -0.603582 -0.663505  0.442097)
     O       6    sigma_yy=    201.65    axis=(  0.709917 -0.194850  0.676795)
     O       6    sigma_zz=    272.01    axis=( -0.362914  0.722354  0.588641)
 
     Atom  7  O   pos: (  0.681300  0.253747 -0.471680)  Total sigma:         223.29
           211.3788        -22.5124         20.0820
           -21.5855        233.5269        -27.8993
            20.9615        -27.1804        224.9719

     O       7    anisotropy:     48.76    eta:    0.1108
     O       7    sigma_xx=    196.21    axis=(  0.876480  0.192079 -0.441462)
     O       7    sigma_yy=    201.61    axis=(  0.184997  0.712193  0.677168)
     O       7    sigma_zz=    272.05    axis=(  0.444476 -0.675194  0.588689)
 
     Atom  8  O   pos: ( -0.120900 -0.716899  0.994987)  Total sigma:         223.28
           247.1133          0.9521        -34.1919
             1.8799        197.7799         -3.4711
           -33.9833         -4.5905        224.9508

     O       8    anisotropy:     48.76    eta:    0.1127
     O       8    sigma_xx=    196.15    axis=( -0.270772 -0.856024 -0.440347)
     O       8    sigma_yy=    201.65    axis=(  0.524491 -0.514765  0.678178)
     O       8    sigma_zz=    272.04    axis=( -0.807212 -0.047327  0.588361)
 
     Atom  9  O   pos: ( -0.560400  0.463152  0.261653)  Total sigma:         223.28
           208.9265         20.1701         14.1089
            21.0918        235.9598         31.3242
            13.0416         31.7143        224.9612

     O       9    anisotropy:     48.73    eta:    0.1120
     O       9    sigma_xx=    196.19    axis=( -0.603582  0.663505 -0.442097)
     O       9    sigma_yy=    201.65    axis=( -0.709917 -0.194850  0.676795)
     O       9    sigma_zz=    272.01    axis=(  0.362914  0.722354  0.588641)
 
     Initialization:
     gipaw_setup  :      0.03s CPU      0.04s WALL (       1 calls)
 
     Linear response
     greenf       :     34.51s CPU     36.95s WALL (     480 calls)
     cgsolve      :     34.26s CPU     36.61s WALL (     480 calls)
     ch_psi       :     33.68s CPU     35.99s WALL (   11281 calls)
     h_psiq       :     30.18s CPU     32.22s WALL (   11281 calls)
 
     Apply operators
     h_psi        :     32.11s CPU     34.23s WALL (   13129 calls)
     apply_vel    :      0.50s CPU      0.55s WALL (     420 calls)
 
     Induced current
     j_para       :      8.05s CPU      8.49s WALL (     540 calls)
     biot_savart  :      0.01s CPU      0.01s WALL (       1 calls)
 
     Other routines
 
     General routines
     calbec       :      4.94s CPU      5.30s WALL (   39751 calls)
     fft          :      0.02s CPU      0.07s WALL (      42 calls)
     ffts         :      0.00s CPU      0.00s WALL (      10 calls)
     fftw         :     34.44s CPU     36.67s WALL (  774664 calls)
     davcio       :      0.01s CPU      0.01s WALL (     320 calls)
 
     Parallel routines
     fft_scatter  :     13.91s CPU     14.84s WALL (  774716 calls)
 
     Plugins
 
 
     GIPAW        :     53.88s CPU     57.84s WALL

 
   This run was terminated on:  15:52:39  24Sep2026            

=------------------------------------------------------------------------------=
   JOB DONE.
=------------------------------------------------------------------------------=
